id,base_grade_business_key,business_key,create_time,finish_date,grade_level,leader_business_key,name,period_level,school_business_key,serial_number,update_time,is_delete,id,base_grade_business_key,business_key,create_time,finish_date,grade_level,leader_business_key,name,period_level,school_business_key,serial_number,update_time,is_delete,id,base_grade_business_key,business_key,create_time,finish_date,grade_level,leader_business_key,name,period_level,school_business_key,serial_number,update_time,is_delete,id,base_grade_business_key,business_key,create_time,finish_date,grade_level,leader_business_key,name,period_level,school_business_key,serial_number,update_time,is_delete,id,base_grade_business_key,business_key,create_time,finish_date,grade_level,leader_business_key,name,period_level,school_business_key,serial_number,update_time,is_delete,id,base_grade_business_key,business_key,create_time,finish_date,grade_level,leader_business_key,name,period_level,school_business_key,serial_number,update_time,is_delete,id,base_grade_business_key,business_key,create_time,finish_date,grade_level,leader_business_key,name,period_level,school_business_key,serial_number,update_time,is_delete
117,24582849583644688,05cc505978c3452e8b2bd5d0bef01075,2016-11-16 11:48:58,2016-11-30 08:00:00,,7596887a87864f8e9f063efc87781fe9,五年级,,d737979d9ca9430d9c6269c5913a588f,0,2018-08-22 09:54:37,N
120,24582849583644689,1de665428d6c496396ef8554ff9a0f1f,2016-11-16 11:49:07,2016-11-30 08:00:00,,7596887a87864f8e9f063efc87781fe9,六年级,,d737979d9ca9430d9c6269c5913a588f,0,2018-08-22 09:54:37,N
123,24582849583644689,27b0481f09bc4606bdf7a0226d93f3f8,2016-11-16 11:49:21,2016-11-30 08:00:00,,7596887a87864f8e9f063efc87781fe9,六年级,,d737979d9ca9430d9c6269c5913a588f,0,2018-08-22 09:54:37,Y
126,24582849583644691,84a4540dd887470680638374019624bd,2016-11-16 11:49:41,2016-11-30 08:00:00,,7596887a87864f8e9f063efc87781fe9,八年级,,d737979d9ca9430d9c6269c5913a588f,0,2018-08-22 09:54:37,N
599477881910853633,24582849583644686,4e57885feea14021928eacfbc70d9153,2017-09-06 14:46:46,,,,三年级,,d737979d9ca9430d9c6269c5913a588f,0,2018-08-22 09:54:37,N
6,24582849583644687,acad8a50651346479cfc4125d510d604,2016-10-21 16:44:54,2017-04-06 08:00:00,2016,7596887a87864f8e9f063efc87781fe9,四年级,2016,d737979d9ca9430d9c6269c5913a588f,2,2018-08-22 09:54:37,N
729199846459703296,24582849583644685,a8c0f5f056c1460f9b16bbb49fb904ca,2018-08-30 13:55:33,,,,二年级,,d737979d9ca9430d9c6269c5913a588f,0,2018-08-30 13:55:33,N
