id,business_key,edu_class_business_key,phases_key,reason,remark,subject_key,teacher_business_key,teaching_course_no,teaching_end_date,teaching_start_date,total_hours,grade_key,create_time,is_delete,name,school_business_key,text_book_version_business_key,update_time,publish_time,id,business_key,edu_class_business_key,phases_key,reason,remark,subject_key,teacher_business_key,teaching_course_no,teaching_end_date,teaching_start_date,total_hours,grade_key,create_time,is_delete,name,school_business_key,text_book_version_business_key,update_time,publish_time,id,business_key,edu_class_business_key,phases_key,reason,remark,subject_key,teacher_business_key,teaching_course_no,teaching_end_date,teaching_start_date,total_hours,grade_key,create_time,is_delete,name,school_business_key,text_book_version_business_key,update_time,publish_time,id,business_key,edu_class_business_key,phases_key,reason,remark,subject_key,teacher_business_key,teaching_course_no,teaching_end_date,teaching_start_date,total_hours,grade_key,create_time,is_delete,name,school_business_key,text_book_version_business_key,update_time,publish_time,id,business_key,edu_class_business_key,phases_key,reason,remark,subject_key,teacher_business_key,teaching_course_no,teaching_end_date,teaching_start_date,total_hours,grade_key,create_time,is_delete,name,school_business_key,text_book_version_business_key,update_time,publish_time,status,fascicule_business_key,id,business_key,edu_class_business_key,phases_key,reason,remark,subject_key,teacher_business_key,teaching_course_no,teaching_end_date,teaching_start_date,total_hours,grade_key,create_time,is_delete,name,school_business_key,text_book_version_business_key,update_time,publish_time,id,business_key,edu_class_business_key,phases_key,reason,remark,subject_key,teacher_business_key,teaching_course_no,teaching_end_date,teaching_start_date,total_hours,grade_key,create_time,is_delete,name,school_business_key,text_book_version_business_key,update_time,publish_time
599476511283609600,2885bb2cb8bb4f1eb1a7150a399ec6f6,5683e6ffe3984f08a66eb3d350aec0a5,24582087763820625,[升级],小学数学三年级三班,24582849583644697,228ba239ab754ba094b9a16e39d17ca6,,2017-09,2018-08,100,acad8a50651346479cfc4125d510d604,acad8a50651346479cfc4125d510d604,,Y,数学,d737979d9ca9430d9c6269c5913a588f,24582849583644712,2018-08-22 09:54:35,2014-06
599476511333941248,175d38ee318a4f2ea0d09e357e94287b,5683e6ffe3984f08a66eb3d350aec0a5,24582087763820625,[升级],小学语文三年级三班,24582849583644696,fd1df87f08fb48b1b946cb805cc616ed,,2017-09,2018-08,100,acad8a50651346479cfc4125d510d604,acad8a50651346479cfc4125d510d604,,Y,语文,d737979d9ca9430d9c6269c5913a588f,24582849583644712,2018-08-22 09:54:35,2003-06
599476511371689984,9680716c77a14d7e9ce72f52ef04d174,c7cc490a982f48a894d7cb4e65913bb0,24582087763820625,[升级],小学语文三年级五班,24582849583644696,f4733106395d40739ca7c1feb8683f6f,,2017-09,2018-08,100,acad8a50651346479cfc4125d510d604,acad8a50651346479cfc4125d510d604,,Y,语文,d737979d9ca9430d9c6269c5913a588f,24582849583644712,2018-08-22 09:54:35,2003-06
599476511417827328,8c4899112d4043fb9a25fc84cab9e92f,c6f591f02cb043af8dbf9dbf35d2d8f9,24582087763820625,[升级],小学语文三年级六班,24582849583644696,f4733106395d40739ca7c1feb8683f6f,,2017-09,2018-08,100,acad8a50651346479cfc4125d510d604,acad8a50651346479cfc4125d510d604,,Y,语文,d737979d9ca9430d9c6269c5913a588f,24582849583644712,2018-08-22 09:54:35,2003-06
599476511455576064,5337b1c6e84a4dfabf5b1ab1575f8486,59ca662265ee46cb973673e898c706eb,24582087763820625,[升级],小学语文三年级一班,24582849583644696,9f31a0432d234872af61c5f89a6c53fb,,2017-09,2018-08,100,acad8a50651346479cfc4125d510d604,acad8a50651346479cfc4125d510d604,,Y,语文,d737979d9ca9430d9c6269c5913a588f,24582849583644712,2018-08-22 09:54:35,2003-06
599476511489130496,33a6cca3fe9345ccb056b5798bf0a594,c6f591f02cb043af8dbf9dbf35d2d8f9,24582087763820625,[升级],小学数学三年级六班,24582849583644697,11148ff05c6844f9ba137067a02b19a7,,2017-09,2018-08,100,acad8a50651346479cfc4125d510d604,acad8a50651346479cfc4125d510d604,,Y,数学,d737979d9ca9430d9c6269c5913a588f,24582849583644712,2018-08-22 09:54:35,2014-06
599476511526879232,d8bede1ec0564a8db9043d4513a05f83,c7cc490a982f48a894d7cb4e65913bb0,24582087763820625,[升级],小学数学三年级五班,24582849583644697,11148ff05c6844f9ba137067a02b19a7,,2017-09,2018-08,100,acad8a50651346479cfc4125d510d604,acad8a50651346479cfc4125d510d604,,Y,数学,d737979d9ca9430d9c6269c5913a588f,24582849583644712,2018-08-22 09:54:35,2014-06
599476511648514048,cd19ac63675d43f1b6a2a31ab6fc4232,5683e6ffe3984f08a66eb3d350aec0a5,24582087763820625,[升级],小学数学三年级三班,24582849583644697,81ae1f4a2760472fb53929642a022692,,2017-09,2018-08,100,acad8a50651346479cfc4125d510d604,acad8a50651346479cfc4125d510d604,,Y,数学,d737979d9ca9430d9c6269c5913a588f,24582849583644712,2018-08-22 09:54:35,2014-06
599476511677874176,462c6c2505d7423c9ae1a9d16c389e45,325582702c174194ade576bf87faa7d2,24582087763820625,[升级],小学数学四年级一班,24582849583644697,c259d5e4647a40768954be3a19dd9415,,2017-09,2018-08,100,05cc505978c3452e8b2bd5d0bef01075,05cc505978c3452e8b2bd5d0bef01075,,Y,数学,d737979d9ca9430d9c6269c5913a588f,24582849583644712,2018-08-22 09:54:35,2014-03
599476511744983040,fb03bbe8e9bb45ccb92cc75d128b3e22,38361e278d4047a3ab4770816a97a5a7,24582087763820625,[升级],小学数学四年级三班,24582849583644697,991c853b816d42f1a2fba20803a74976,,2017-09,2018-08,100,05cc505978c3452e8b2bd5d0bef01075,05cc505978c3452e8b2bd5d0bef01075,,Y,数学,d737979d9ca9430d9c6269c5913a588f,24582849583644712,2018-08-22 09:54:35,2014-03
599476511778537472,a22fdfa084034ab8a73d0f1aed85686c,184988090d8b49b5ab4eda7be1b0148b,24582087763820625,[升级],小学数学四年级四班,24582849583644697,991c853b816d42f1a2fba20803a74976,,2017-09,2018-08,100,05cc505978c3452e8b2bd5d0bef01075,05cc505978c3452e8b2bd5d0bef01075,,Y,数学,d737979d9ca9430d9c6269c5913a588f,24582849583644712,2018-08-22 09:54:35,2014-03
599476511816286208,f76f9ad41285481ca7cf86949744e971,1e4c9204be1b40f4a0ddc09e835a7751,24582087763820625,[升级],小学数学四年级五班,24582849583644697,f2d09a62af3c41169265b529ccd08d5a,,2017-09,2018-08,100,05cc505978c3452e8b2bd5d0bef01075,05cc505978c3452e8b2bd5d0bef01075,,Y,数学,d737979d9ca9430d9c6269c5913a588f,24582849583644712,2018-08-22 09:54:35,2014-03
599476511845646336,7f2f9bdd50084275b2b6ebe87a861c1f,783b57090b614e50a76934f3553ca463,24582087763820625,[升级],小学数学四年级六班,24582849583644697,26106601c078434a8b24270ad656feaa,,2017-09,2018-08,100,05cc505978c3452e8b2bd5d0bef01075,05cc505978c3452e8b2bd5d0bef01075,,Y,数学,d737979d9ca9430d9c6269c5913a588f,24582849583644712,2018-08-22 09:54:35,2014-03
599476511883395072,b0b6a5eeb9444f60b4b44bdc730cc25e,325582702c174194ade576bf87faa7d2,24582087763820625,[升级],小学语文四年级一班,24582849583644696,af0c7b22e56d48cb9dc94c55f7aa0f13,,2017-09,2018-08,100,05cc505978c3452e8b2bd5d0bef01075,05cc505978c3452e8b2bd5d0bef01075,,Y,语文,d737979d9ca9430d9c6269c5913a588f,24582849583644712,2018-08-22 09:54:35,2004-06
599476511916949504,2e2fa336ec844f8489206bfd17467465,12420e308e6f4ad6887569cd38a14c72,24582087763820625,[升级],小学语文四年级二班,24582849583644696,29d41c93e00449cdaca9450e7def15a1,,2017-09,2018-08,100,05cc505978c3452e8b2bd5d0bef01075,05cc505978c3452e8b2bd5d0bef01075,,Y,语文,d737979d9ca9430d9c6269c5913a588f,24582849583644712,2018-08-22 09:54:35,2004-06
599476511950503936,6bc00f7c756e43309f5595601171ed9b,38361e278d4047a3ab4770816a97a5a7,24582087763820625,[升级],小学语文四年级三班,24582849583644696,af0c7b22e56d48cb9dc94c55f7aa0f13,,2017-09,2018-08,100,05cc505978c3452e8b2bd5d0bef01075,05cc505978c3452e8b2bd5d0bef01075,,Y,语文,d737979d9ca9430d9c6269c5913a588f,24582849583644712,2018-08-22 09:54:35,2004-06
599476511979864064,910fd438a23e47288ba178f3dc899f8e,184988090d8b49b5ab4eda7be1b0148b,24582087763820625,[升级],小学语文四年级四班,24582849583644696,f89c7ad3d81147239f38f9471f4c8daf,,2017-09,2018-08,100,05cc505978c3452e8b2bd5d0bef01075,05cc505978c3452e8b2bd5d0bef01075,,Y,语文,d737979d9ca9430d9c6269c5913a588f,24582849583644712,2018-08-22 09:54:35,2004-06
599476512017612800,1f4112c6829c43ed9d430b2cc63feec6,1e4c9204be1b40f4a0ddc09e835a7751,24582087763820625,[升级],小学语文四年级五班,24582849583644696,29d41c93e00449cdaca9450e7def15a1,,2017-09,2018-08,100,05cc505978c3452e8b2bd5d0bef01075,05cc505978c3452e8b2bd5d0bef01075,,Y,语文,d737979d9ca9430d9c6269c5913a588f,24582849583644712,2018-08-22 09:54:35,2004-06
599476512046972928,14041f158bab4aa88bbdeb5fc0825081,783b57090b614e50a76934f3553ca463,24582087763820625,[升级],小学语文四年级六班,24582849583644696,a959fce5e7164b94a5a9036b5da5c68d,,2017-09,2018-08,100,05cc505978c3452e8b2bd5d0bef01075,05cc505978c3452e8b2bd5d0bef01075,,Y,语文,d737979d9ca9430d9c6269c5913a588f,24582849583644712,2018-08-22 09:54:35,2004-06
599476512084721664,6935c06a36034efabaac04fcd37d4897,043790ac4f4f4c7a8fa545ecc7dff1ba,24582087763820625,[升级],小学数学五年级一班,24582849583644697,6dda9249cb824fc880047435db29ea9d,,2017-09,2018-08,100,1de665428d6c496396ef8554ff9a0f1f,1de665428d6c496396ef8554ff9a0f1f,,Y,数学,d737979d9ca9430d9c6269c5913a588f,24582849583644712,2018-08-22 09:54:35,2014-03
599476512109887488,ae0eb4aa3a3d47dfaa6516dfd1e85a2e,043790ac4f4f4c7a8fa545ecc7dff1ba,24582087763820625,[升级],小学数学五年级一班,24582849583644697,73094f9db30842e0b4b67a6624c2e3f0,,2017-09,2018-08,100,1de665428d6c496396ef8554ff9a0f1f,1de665428d6c496396ef8554ff9a0f1f,,Y,数学,d737979d9ca9430d9c6269c5913a588f,24582849583644712,2018-08-22 09:54:35,2014-03
599476512160219136,7ee3fe7e46fb42069d39a34f4c40b65e,100ccef092f64ef594172860eaa74845,24582087763820625,[升级],小学数学五年级二班,24582849583644697,73094f9db30842e0b4b67a6624c2e3f0,,2017-09,2018-08,100,1de665428d6c496396ef8554ff9a0f1f,1de665428d6c496396ef8554ff9a0f1f,,Y,数学,d737979d9ca9430d9c6269c5913a588f,24582849583644712,2018-08-22 09:54:35,2014-03
599476512197967872,0f2166fe94124062976c5aa9590e29fa,e473a0fd0d654473bdc8c4608d8c5dde,24582087763820625,[升级],小学数学五年级三班,24582849583644697,4386a6c485ce42bca3ab323c5849da60,,2017-09,2018-08,100,1de665428d6c496396ef8554ff9a0f1f,1de665428d6c496396ef8554ff9a0f1f,,Y,数学,d737979d9ca9430d9c6269c5913a588f,24582849583644712,2018-08-22 09:54:35,2014-03
599476512231522304,3bdad883547a4a46916b79eaacc12af3,e473a0fd0d654473bdc8c4608d8c5dde,24582087763820625,[升级],小学语文五年级三班,24582849583644696,9f2ff9ef35d84678b1ad011ae29ccab5,,2017-09,2018-08,100,1de665428d6c496396ef8554ff9a0f1f,1de665428d6c496396ef8554ff9a0f1f,,Y,语文,d737979d9ca9430d9c6269c5913a588f,24582849583644712,2018-08-22 09:54:35,2005-06
599476512265076736,3b69a5dbda4943c1a2709efdab0baefe,1c0d2a502187444298669bcc21fe254d,24582087763820625,[升级],小学数学五年级四班,24582849583644697,4386a6c485ce42bca3ab323c5849da60,,2017-09,2018-08,100,1de665428d6c496396ef8554ff9a0f1f,1de665428d6c496396ef8554ff9a0f1f,,Y,数学,d737979d9ca9430d9c6269c5913a588f,24582849583644712,2018-08-22 09:54:35,2014-03
599476512294436864,5224a449fc2d4c1aace5b320c371c42e,1c0d2a502187444298669bcc21fe254d,24582087763820625,[升级],小学语文五年级四班,24582849583644696,9f2ff9ef35d84678b1ad011ae29ccab5,,2017-09,2018-08,100,1de665428d6c496396ef8554ff9a0f1f,1de665428d6c496396ef8554ff9a0f1f,,Y,语文,d737979d9ca9430d9c6269c5913a588f,24582849583644712,2018-08-22 09:54:35,2005-06
599476512319602688,915ea893a1cb4e2ea5506c60c84a34c4,b857a53631914ac7b0f1626b7cef2708,24582087763820625,[升级],小学数学五年级五班,24582849583644697,c3871c2590534580b2020d3402483786,,2017-09,2018-08,100,1de665428d6c496396ef8554ff9a0f1f,1de665428d6c496396ef8554ff9a0f1f,,Y,数学,d737979d9ca9430d9c6269c5913a588f,24582849583644712,2018-08-22 09:54:35,2014-03
599476512353157120,ed1075910378483584ec47bce6386845,b857a53631914ac7b0f1626b7cef2708,24582087763820625,[升级],小学语文五年级五班,24582849583644696,21a64703731a4a028ea8bf850e370e7e,,2017-09,2018-08,100,1de665428d6c496396ef8554ff9a0f1f,1de665428d6c496396ef8554ff9a0f1f,,Y,语文,d737979d9ca9430d9c6269c5913a588f,24582849583644712,2018-08-22 09:54:35,2005-06
599476512382517248,7cdc95ec28204a4fbb8f24344e0cbb5b,355dac6a2ea54ace90dafbb43e9d80f5,24582087763820625,[升级],小学数学五年级六班,24582849583644697,c3871c2590534580b2020d3402483786,,2017-09,2018-08,100,1de665428d6c496396ef8554ff9a0f1f,1de665428d6c496396ef8554ff9a0f1f,,Y,数学,d737979d9ca9430d9c6269c5913a588f,24582849583644712,2018-08-22 09:54:35,2014-03
599476512407683072,6bcb6d93e0ae46be89f9253e65ba0ca6,355dac6a2ea54ace90dafbb43e9d80f5,24582087763820625,[升级],小学语文五年级六班,24582849583644696,0909bad45aa142ad8c498688644709bf,,2017-09,2018-08,100,1de665428d6c496396ef8554ff9a0f1f,1de665428d6c496396ef8554ff9a0f1f,,Y,语文,d737979d9ca9430d9c6269c5913a588f,24582849583644712,2018-08-22 09:54:35,2005-06
599476512432848896,36a793ca363041ffb93c6baffe7977d5,22cd2dee02df4de49f0750508797ff91,24582087763820625,[升级],小学数学五年级七班,24582849583644697,0c0feaba95204f7e8938c91695fb994f,,2017-09,2018-08,100,1de665428d6c496396ef8554ff9a0f1f,1de665428d6c496396ef8554ff9a0f1f,,Y,数学,d737979d9ca9430d9c6269c5913a588f,24582849583644712,2018-08-22 09:54:35,2014-03
599476512462209024,d88f0daf38174db8b95b901fef3cf475,22cd2dee02df4de49f0750508797ff91,24582087763820625,[升级],小学语文五年级七班,24582849583644696,2db3fb9415a647129e76f8ec12c85a3e,,2017-09,2018-08,100,1de665428d6c496396ef8554ff9a0f1f,1de665428d6c496396ef8554ff9a0f1f,,Y,语文,d737979d9ca9430d9c6269c5913a588f,24582849583644712,2018-08-22 09:54:35,2005-06
599476512495763456,527cc1154bc941a2b256605fedb0b618,b229449e488b40ce98bd68991ca7b8ca,24582087763820625,[升级],小学数学五年级八班,24582849583644697,0c0feaba95204f7e8938c91695fb994f,,2017-09,2018-08,100,1de665428d6c496396ef8554ff9a0f1f,1de665428d6c496396ef8554ff9a0f1f,,Y,数学,d737979d9ca9430d9c6269c5913a588f,24582849583644712,2018-08-22 09:54:35,2014-03
599476512525123584,41f2255cbc1f4bd3b2344afa19d26f29,b229449e488b40ce98bd68991ca7b8ca,24582087763820625,[升级],小学语文五年级八班,24582849583644696,2db3fb9415a647129e76f8ec12c85a3e,,2017-09,2018-08,100,1de665428d6c496396ef8554ff9a0f1f,1de665428d6c496396ef8554ff9a0f1f,,Y,语文,d737979d9ca9430d9c6269c5913a588f,24582849583644712,2018-08-22 09:54:35,2005-06
599476512558678016,9c937091f598453dab5ca97cca553813,bb69acf102d34412bddf7b748fb218a4,24582087763820625,[升级],小学数学六年级一班,24582849583644697,4038fb489aa64ac885bed3ad06ea3d62,,2017-09,2018-08,100,27b0481f09bc4606bdf7a0226d93f3f8,27b0481f09bc4606bdf7a0226d93f3f8,,Y,数学,d737979d9ca9430d9c6269c5913a588f,24582849583644712,2018-08-22 09:54:35,2014-03
599476512592232448,0658cb91c8ce449c850eae6ee197bc57,4341cd116cb0408b964c068927a85487,24582087763820625,[升级],小学数学六年级二班,24582849583644697,4038fb489aa64ac885bed3ad06ea3d62,,2017-09,2018-08,100,27b0481f09bc4606bdf7a0226d93f3f8,27b0481f09bc4606bdf7a0226d93f3f8,,Y,数学,d737979d9ca9430d9c6269c5913a588f,24582849583644712,2018-08-22 09:54:35,2014-03
599476512617398272,74ef6132b9874adeb41ce13dbef7f4bf,bb69acf102d34412bddf7b748fb218a4,24582087763820625,[升级],小学语文六年级一班,24582849583644696,2ef5b5a6d8c0475a8b6e063701846701,,2017-09,2018-08,100,27b0481f09bc4606bdf7a0226d93f3f8,27b0481f09bc4606bdf7a0226d93f3f8,,Y,语文,d737979d9ca9430d9c6269c5913a588f,24582849583644712,2018-08-22 09:54:35,2006-06
599476512646758400,1e61ada001e148df95a6207c87bea063,4341cd116cb0408b964c068927a85487,24582087763820625,[升级],小学语文六年级二班,24582849583644696,2ef5b5a6d8c0475a8b6e063701846701,,2017-09,2018-08,100,27b0481f09bc4606bdf7a0226d93f3f8,27b0481f09bc4606bdf7a0226d93f3f8,,Y,语文,d737979d9ca9430d9c6269c5913a588f,24582849583644712,2018-08-22 09:54:35,2006-06
599476512671924224,f3966c9c4485417bb98f414a1c4972fb,d84b0929761844b1a1fd777fca2eb780,24582087763820625,[升级],小学数学六年级三班,24582849583644697,7c0bc7e68e7246ed89321ba02f64a088,,2017-09,2018-08,100,27b0481f09bc4606bdf7a0226d93f3f8,27b0481f09bc4606bdf7a0226d93f3f8,,Y,数学,d737979d9ca9430d9c6269c5913a588f,24582849583644712,2018-08-22 09:54:35,2014-03
599476512697090048,cfb6ffbd98ec4c5e9af7ddf56833292e,d84b0929761844b1a1fd777fca2eb780,24582087763820625,[升级],小学语文六年级三班,24582849583644696,7b830bc6d5d148659294d31a06a8444a,,2017-09,2018-08,100,27b0481f09bc4606bdf7a0226d93f3f8,27b0481f09bc4606bdf7a0226d93f3f8,,Y,语文,d737979d9ca9430d9c6269c5913a588f,24582849583644712,2018-08-22 09:54:35,2006-06
599476512718061568,112de7d4cafd4b1eb88981252c7f4c0a,ca65a323a6bc4a87bee3c1375e4bdafd,24582087763820625,[升级],小学语文六年级四班,24582849583644696,7b830bc6d5d148659294d31a06a8444a,,2017-09,2018-08,100,27b0481f09bc4606bdf7a0226d93f3f8,27b0481f09bc4606bdf7a0226d93f3f8,,Y,语文,d737979d9ca9430d9c6269c5913a588f,24582849583644712,2018-08-22 09:54:35,2006-06
599476512780976128,593c356f336944dcb56058558786e005,eef96ee1c9414a9681b547c7e563f335,24582087763820625,[升级],小学语文六年级五班,24582849583644696,884c9bc6a07c449e8e602228292e2822,,2017-09,2018-08,100,27b0481f09bc4606bdf7a0226d93f3f8,27b0481f09bc4606bdf7a0226d93f3f8,,Y,语文,d737979d9ca9430d9c6269c5913a588f,24582849583644712,2018-08-22 09:54:35,2006-06
599476512806141952,ac945720180342e58577655a82175378,a6e4531703d049f79941b9974fba00d9,24582087763820625,[升级],小学语文六年级六班,24582849583644696,884c9bc6a07c449e8e602228292e2822,,2017-09,2018-08,100,27b0481f09bc4606bdf7a0226d93f3f8,27b0481f09bc4606bdf7a0226d93f3f8,,Y,语文,d737979d9ca9430d9c6269c5913a588f,24582849583644712,2018-08-22 09:54:35,2006-06
599476512827113472,e4ffee4133724136936b3f42ee819f00,2e5d4b653e0647198bc5641bb79fbc36,24582087763820625,[升级],小学数学六年级七班,24582849583644697,3efd197b8ddf445fbb2a4b67aa772d5f,,2017-09,2018-08,100,27b0481f09bc4606bdf7a0226d93f3f8,27b0481f09bc4606bdf7a0226d93f3f8,,Y,数学,d737979d9ca9430d9c6269c5913a588f,24582849583644712,2018-08-22 09:54:35,2014-03
599476512852279296,97508e24da6d4e1e969c4b42ec222ccc,2e5d4b653e0647198bc5641bb79fbc36,24582087763820625,[升级],小学语文六年级七班,24582849583644696,dadfb8507d09464391e7473079b0a6ad,,2017-09,2018-08,100,27b0481f09bc4606bdf7a0226d93f3f8,27b0481f09bc4606bdf7a0226d93f3f8,,Y,语文,d737979d9ca9430d9c6269c5913a588f,24582849583644712,2018-08-22 09:54:35,2006-06
599476512877445120,95925443396447cdb203aca90c544941,6713b58c9feb4ebc976f66a1caf69ecd,24582087763820625,[升级],小学语文六年级八班,24582849583644696,dadfb8507d09464391e7473079b0a6ad,,2017-09,2018-08,100,27b0481f09bc4606bdf7a0226d93f3f8,27b0481f09bc4606bdf7a0226d93f3f8,,Y,语文,d737979d9ca9430d9c6269c5913a588f,24582849583644712,2018-08-22 09:54:35,2006-06
599476512906805248,667c712157744dbcb8cb213d28ede355,6713b58c9feb4ebc976f66a1caf69ecd,24582087763820625,[升级],小学数学六年级八班,24582849583644697,78e18fc163994e65808be2cbb0b6fbb9,,2017-09,2018-08,100,27b0481f09bc4606bdf7a0226d93f3f8,27b0481f09bc4606bdf7a0226d93f3f8,,Y,数学,d737979d9ca9430d9c6269c5913a588f,24582849583644712,2018-08-22 09:54:35,2014-03
599476512957136896,3c2e61e6db3e48129cc1d2530873f3fe,c9d368d6381e4265af9822f40a9e17cc,24582087763820625,[升级],小学英语三年级二班,24582849583644698,94f4705b8d1a411f934da2a4f78e5fd3,,2017-09,2018-08,100,acad8a50651346479cfc4125d510d604,acad8a50651346479cfc4125d510d604,,Y,英语,d737979d9ca9430d9c6269c5913a588f,24582849583644721,2018-08-22 09:54:35,2014-04
599476512982302720,30272ec28cb44d10a54a7a881ce830f1,5683e6ffe3984f08a66eb3d350aec0a5,24582087763820625,[升级],小学英语三年级三班,24582849583644698,94f4705b8d1a411f934da2a4f78e5fd3,,2017-09,2018-08,100,acad8a50651346479cfc4125d510d604,acad8a50651346479cfc4125d510d604,,Y,英语,d737979d9ca9430d9c6269c5913a588f,24582849583644721,2018-08-22 09:54:35,2014-04
599476513082966016,f4804508a9f2474bacb3a42072423676,325582702c174194ade576bf87faa7d2,24582087763820625,[升级],小学英语四年级一班,24582849583644698,fadc17eae9214ed2a18c8cc347b2e5fb,,2017-09,2018-08,100,05cc505978c3452e8b2bd5d0bef01075,05cc505978c3452e8b2bd5d0bef01075,,Y,英语,d737979d9ca9430d9c6269c5913a588f,24582849583644721,2018-08-22 09:54:35,2014-07
599476513313652736,597ededbb19647bbb94433ae2fbd0fc6,b857a53631914ac7b0f1626b7cef2708,24582087763820625,[升级],小学英语五年级五班,24582849583644698,c536fc1bec7c4ccb8415d63c4a563a02,,2017-09,2018-08,100,1de665428d6c496396ef8554ff9a0f1f,1de665428d6c496396ef8554ff9a0f1f,,Y,英语,d737979d9ca9430d9c6269c5913a588f,24582849583644721,2018-08-22 09:54:35,2014-07
599476513338818560,5586bb37894d48b4a57e29c440eb9521,355dac6a2ea54ace90dafbb43e9d80f5,24582087763820625,[升级],小学英语五年级六班,24582849583644698,c536fc1bec7c4ccb8415d63c4a563a02,,2017-09,2018-08,100,1de665428d6c496396ef8554ff9a0f1f,1de665428d6c496396ef8554ff9a0f1f,,Y,英语,d737979d9ca9430d9c6269c5913a588f,24582849583644721,2018-08-22 09:54:35,2014-07
599476513368178688,c501cad5d6c245f0beb05fc36aa6fd4d,22cd2dee02df4de49f0750508797ff91,24582087763820625,[升级],小学英语五年级七班,24582849583644698,c536fc1bec7c4ccb8415d63c4a563a02,,2017-09,2018-08,100,1de665428d6c496396ef8554ff9a0f1f,1de665428d6c496396ef8554ff9a0f1f,,Y,英语,d737979d9ca9430d9c6269c5913a588f,24582849583644721,2018-08-22 09:54:35,2014-07
599476513397538816,a1fc90ba43414851ad4036414f7930a2,b229449e488b40ce98bd68991ca7b8ca,24582087763820625,[升级],小学英语五年级八班,24582849583644698,c536fc1bec7c4ccb8415d63c4a563a02,,2017-09,2018-08,100,1de665428d6c496396ef8554ff9a0f1f,1de665428d6c496396ef8554ff9a0f1f,,Y,英语,d737979d9ca9430d9c6269c5913a588f,24582849583644721,2018-08-22 09:54:35,2014-07
599476513494007808,12f7d3d91c1d4bea8ae851b32f9a4f1a,d84b0929761844b1a1fd777fca2eb780,24582087763820625,[升级],小学英语六年级三班,24582849583644698,30f425076486439bab3f0a9e89ae206a,,2017-09,2018-08,100,27b0481f09bc4606bdf7a0226d93f3f8,27b0481f09bc4606bdf7a0226d93f3f8,,Y,英语,d737979d9ca9430d9c6269c5913a588f,24582849583644721,2018-08-22 09:54:35,2014-07
599476513519173632,65b513cc9f314e0e9f860c94a6166332,ca65a323a6bc4a87bee3c1375e4bdafd,24582087763820625,[升级],小学英语六年级四班,24582849583644698,30f425076486439bab3f0a9e89ae206a,,2017-09,2018-08,100,27b0481f09bc4606bdf7a0226d93f3f8,27b0481f09bc4606bdf7a0226d93f3f8,,Y,英语,d737979d9ca9430d9c6269c5913a588f,24582849583644721,2018-08-22 09:54:35,2014-07
599482973141598208,39ebff1507c9477a8499a2a9744f29a8,043790ac4f4f4c7a8fa545ecc7dff1ba,24582087763820625,,小学语文五年级一班,24582849583644696,b07cd69c71194d8ea4e8f9b91168b84a,,2017-09,2018-08,100,1de665428d6c496396ef8554ff9a0f1f,1de665428d6c496396ef8554ff9a0f1f,2017-09-06 15:07:00,Y,语文,d737979d9ca9430d9c6269c5913a588f,24582849583644712,2018-08-22 09:54:35,2005-06
599483292072280064,978e8836fca64d7b86f1b5582bf3e12c,100ccef092f64ef594172860eaa74845,24582087763820625,,小学语文五年级二班,24582849583644696,b07cd69c71194d8ea4e8f9b91168b84a,,2017-09,2018-08,100,1de665428d6c496396ef8554ff9a0f1f,1de665428d6c496396ef8554ff9a0f1f,2017-09-06 15:08:16,Y,语文,d737979d9ca9430d9c6269c5913a588f,24582849583644712,2018-08-22 09:54:35,2005-06
599483595660197888,9cc1a63ca2dc4f08a83a805c415c50ff,ca65a323a6bc4a87bee3c1375e4bdafd,24582087763820625,,小学数学六年级四班,24582849583644697,bcd45f50cdd84a238faf634bf3f2d2d9,,2017-09,2018-08,100,27b0481f09bc4606bdf7a0226d93f3f8,27b0481f09bc4606bdf7a0226d93f3f8,2017-09-06 15:09:28,Y,数学,d737979d9ca9430d9c6269c5913a588f,24582849583644712,2018-08-22 09:54:35,2014-03
599484432197353472,f850764b313c4630b53e2ff04100bd7f,eef96ee1c9414a9681b547c7e563f335,24582087763820625,,小学数学六年级五班,24582849583644697,f6e81b970ad44bcea09bb871b26b0836,,2017-09,2018-08,100,27b0481f09bc4606bdf7a0226d93f3f8,27b0481f09bc4606bdf7a0226d93f3f8,2017-09-06 15:12:48,Y,数学,d737979d9ca9430d9c6269c5913a588f,24582849583644712,2018-08-22 09:54:35,2014-03
599484603190738944,6990408a7eb641b4af962fa75f1eff5a,a6e4531703d049f79941b9974fba00d9,24582087763820625,,小学数学六年级六班,24582849583644697,f6e81b970ad44bcea09bb871b26b0836,,2017-09,2018-08,100,27b0481f09bc4606bdf7a0226d93f3f8,27b0481f09bc4606bdf7a0226d93f3f8,2017-09-06 15:13:29,Y,数学,d737979d9ca9430d9c6269c5913a588f,24582849583644712,2018-08-22 09:54:35,2014-03
599484786486018048,3794bfb7ea7b47a3825fda9b8c106c2d,c9d368d6381e4265af9822f40a9e17cc,24582087763820625,,小学数学三年级二班,24582849583644697,d9c0b78fccec485baeb786ee70770076,,2017-09,2018-08,100,acad8a50651346479cfc4125d510d604,acad8a50651346479cfc4125d510d604,2017-09-06 15:14:12,Y,数学,d737979d9ca9430d9c6269c5913a588f,24582849583644712,2018-08-22 09:54:35,2014-06
599484786494406656,48653010e3d647e58999260d45aaea45,9e79e2f0463c41df91843d1b26c0af7f,24582087763820625,,小学数学三年级四班,24582849583644697,d9c0b78fccec485baeb786ee70770076,,2017-09,2018-08,100,acad8a50651346479cfc4125d510d604,acad8a50651346479cfc4125d510d604,2017-09-06 15:14:12,Y,数学,d737979d9ca9430d9c6269c5913a588f,24582849583644712,2018-08-22 09:54:35,2014-06
599486386520719360,e45fdf7cf19445a09911b748ab61f344,19ac058d2e8344058df1170455aac397,24582087763820625,[升级],小学数学二年级一班,24582849583644697,969067dd8362477f86a452c2a499343c,,2017-09,2018-08,100,4e57885feea14021928eacfbc70d9153,4e57885feea14021928eacfbc70d9153,,Y,数学,d737979d9ca9430d9c6269c5913a588f,24582849583644712,2018-08-22 09:54:35,2013-06
599486386554273792,7916f9fba7594f5d8bf164222db3d215,6347c1f88c6046dd900426467f78fb66,24582087763820625,[升级],小学语文二年级三班,24582849583644696,af29eb57be0c451294508af055e0e358,,2017-09,2018-08,100,4e57885feea14021928eacfbc70d9153,4e57885feea14021928eacfbc70d9153,,Y,语文,d737979d9ca9430d9c6269c5913a588f,24582849583644712,2018-08-22 09:54:35,2001-11
599486386592022528,74e0ae32284c433c8d77e5cc4f2ae3d3,7b7073001cb449f7be0de291c88beadc,24582087763820625,[升级],小学语文二年级四班,24582849583644696,af29eb57be0c451294508af055e0e358,,2017-09,2018-08,100,4e57885feea14021928eacfbc70d9153,4e57885feea14021928eacfbc70d9153,,Y,语文,d737979d9ca9430d9c6269c5913a588f,24582849583644712,2018-08-22 09:54:35,2001-11
599486386625576960,ffd2cdb9c3cd4df5b612f20e0fdd790e,6347c1f88c6046dd900426467f78fb66,24582087763820625,[升级],小学数学二年级三班,24582849583644697,83f4023376524103acbf7605eff5efc1,,2017-09,2018-08,100,4e57885feea14021928eacfbc70d9153,4e57885feea14021928eacfbc70d9153,,Y,数学,d737979d9ca9430d9c6269c5913a588f,24582849583644712,2018-08-22 09:54:35,2013-06
599486386659131392,48bdf5d2bcb647558b83dd2e2a0c8c7a,7b7073001cb449f7be0de291c88beadc,24582087763820625,[升级],小学数学二年级四班,24582849583644697,83f4023376524103acbf7605eff5efc1,,2017-09,2018-08,100,4e57885feea14021928eacfbc70d9153,4e57885feea14021928eacfbc70d9153,,Y,数学,d737979d9ca9430d9c6269c5913a588f,24582849583644712,2018-08-22 09:54:35,2013-06
599486386738823168,a577b03da742467882905fb5c8f24199,599485621655830528,24582087763820625,[升级],小学数学二年级二班,24582849583644697,7c8a684467ed43ea9e89ca705959194c,,2017-09,2018-08,100,4e57885feea14021928eacfbc70d9153,4e57885feea14021928eacfbc70d9153,,Y,数学,d737979d9ca9430d9c6269c5913a588f,24582849583644712,2018-08-22 09:54:35,2013-06
599486386772377600,299433b5f4f8489bb28fb9b4e6a3c0b3,19ac058d2e8344058df1170455aac397,24582087763820625,[升级],小学语文二年级一班,24582849583644696,948eedcbb28c4178af50a5d316e61133,,2017-09,2018-08,100,4e57885feea14021928eacfbc70d9153,4e57885feea14021928eacfbc70d9153,,Y,语文,d737979d9ca9430d9c6269c5913a588f,24582849583644712,2018-08-22 09:54:35,2001-11
599486386810126336,dc8cb5aa01bc4472b3e396b380ce736b,599485621655830528,24582087763820625,[升级],小学语文二年级二班,24582849583644696,948eedcbb28c4178af50a5d316e61133,,2017-09,2018-08,100,4e57885feea14021928eacfbc70d9153,4e57885feea14021928eacfbc70d9153,,Y,语文,d737979d9ca9430d9c6269c5913a588f,24582849583644712,2018-08-22 09:54:35,2001-11
599486386847875072,63218993b95d4f3c98515dd39515da22,599485817244614656,24582087763820625,[升级],小学语文二年级五班,24582849583644696,c460ff6efe914a818ce162342df91cee,,2017-09,2018-08,100,4e57885feea14021928eacfbc70d9153,4e57885feea14021928eacfbc70d9153,,Y,语文,d737979d9ca9430d9c6269c5913a588f,24582849583644712,2018-08-22 09:54:35,2001-11
599486386885623808,8d631c21768340f6bbe247007443ab90,b822d2d154914cae91a768f45494b7f6,24582087763820625,[升级],小学语文二年级六班,24582849583644696,86c5541d9edb436fb685d5f9eec9231e,,2017-09,2018-08,100,4e57885feea14021928eacfbc70d9153,4e57885feea14021928eacfbc70d9153,,Y,语文,d737979d9ca9430d9c6269c5913a588f,24582849583644712,2018-08-22 09:54:35,2001-11
599488987266023424,6f4dec15f56944f68b383bc2d6884f0d,b822d2d154914cae91a768f45494b7f6,24582087763820625,,小学数学二年级六班,24582849583644697,1cab80810d9f417bb777b3c2408b1a55,,2017-09,2018-08,100,4e57885feea14021928eacfbc70d9153,4e57885feea14021928eacfbc70d9153,2017-09-06 15:30:54,Y,数学,d737979d9ca9430d9c6269c5913a588f,24582849583644712,2018-08-22 09:54:35,2013-06
599488987278606336,f11156d0cf774b7c8179a0d039eb8a18,599485817244614656,24582087763820625,,小学数学二年级五班,24582849583644697,1cab80810d9f417bb777b3c2408b1a55,,2017-09,2018-08,100,4e57885feea14021928eacfbc70d9153,4e57885feea14021928eacfbc70d9153,2017-09-06 15:30:54,Y,数学,d737979d9ca9430d9c6269c5913a588f,24582849583644712,2018-08-22 09:54:35,2013-06
599490311919501312,5a7015edf7314123ba62099f799122a5,c9d368d6381e4265af9822f40a9e17cc,24582087763820625,,小学语文三年级二班,24582849583644696,7f431a43805e4b9b911fd88aadbc2a3c,,2017-09,2018-08,100,acad8a50651346479cfc4125d510d604,acad8a50651346479cfc4125d510d604,2017-09-06 15:36:10,Y,语文,d737979d9ca9430d9c6269c5913a588f,24582849583644712,2018-08-22 09:54:35,2003-06
599490311927889920,c37d9cf5d4794080bd5e1ac2abdcecf2,9e79e2f0463c41df91843d1b26c0af7f,24582087763820625,,小学语文三年级四班,24582849583644696,7f431a43805e4b9b911fd88aadbc2a3c,,2017-09,2018-08,100,acad8a50651346479cfc4125d510d604,acad8a50651346479cfc4125d510d604,2017-09-06 15:36:10,Y,语文,d737979d9ca9430d9c6269c5913a588f,24582849583644712,2018-08-22 09:54:35,2003-06
601991424472252416,80132bac97e2463bb5b8e6f49096ad7d,12420e308e6f4ad6887569cd38a14c72,24582087763820625,,小学数学四年级二班,24582849583644697,f2d09a62af3c41169265b529ccd08d5a,,2017-09,2018-08,100,05cc505978c3452e8b2bd5d0bef01075,05cc505978c3452e8b2bd5d0bef01075,2017-09-13 13:14:41,Y,数学,d737979d9ca9430d9c6269c5913a588f,24582849583644712,2018-08-22 09:54:35,2014-03
602056910476148736,94e580d38af84a52bf8df7d11e1ea3b0,59ca662265ee46cb973673e898c706eb,24582087763820625,,小学数学三年级一班,24582849583644697,bafa42c801fc42e0b7a849b8084e7ca0,,2017-09,2018-08,100,acad8a50651346479cfc4125d510d604,acad8a50651346479cfc4125d510d604,2017-09-13 17:34:54,Y,数学,d737979d9ca9430d9c6269c5913a588f,24582849583644712,2018-08-22 09:54:35,2014-06
604111486171742208,062d30c7f3ed40bf80dea1f46f62e040,184988090d8b49b5ab4eda7be1b0148b,24582087763820625,,,24582849583644698,1a7f2e3c0bec49a9a3b92a3d81d067af,,2017-09,2018-08,100,05cc505978c3452e8b2bd5d0bef01075,05cc505978c3452e8b2bd5d0bef01075,2017-09-19 09:39:03,Y,英语,d737979d9ca9430d9c6269c5913a588f,24582849583644721,2017-09-19 09:39:03,2014-07
612856714009509888,7ec1812a48284dcb990236ec56edf19e,355dac6a2ea54ace90dafbb43e9d80f5,24582087763820625,,,24582849583644698,6a05a87343364a37a1770ef22956f674,,2017-09,2019-09,200,1de665428d6c496396ef8554ff9a0f1f,1de665428d6c496396ef8554ff9a0f1f,2017-10-13 12:49:28,Y,英语,d737979d9ca9430d9c6269c5913a588f,24582849583644721,2017-10-13 12:49:28,2014-07
616419273933324288,1de95d162a9c4ff88ddb27848bc44ee0,a6e4531703d049f79941b9974fba00d9,24582087763820625,,,24582849583644698,fadc17eae9214ed2a18c8cc347b2e5fb,,2017-09,2018-08,100,27b0481f09bc4606bdf7a0226d93f3f8,27b0481f09bc4606bdf7a0226d93f3f8,2017-10-23 08:45:49,Y,英语,d737979d9ca9430d9c6269c5913a588f,24582849583644721,2017-10-23 08:45:49,2015-01
616419273945907200,9b15c6adaf3541c196d15edda3658427,2e5d4b653e0647198bc5641bb79fbc36,24582087763820625,,,24582849583644698,fadc17eae9214ed2a18c8cc347b2e5fb,,2017-09,2018-08,100,27b0481f09bc4606bdf7a0226d93f3f8,27b0481f09bc4606bdf7a0226d93f3f8,2017-10-23 08:45:49,Y,英语,d737979d9ca9430d9c6269c5913a588f,24582849583644721,2017-10-23 08:45:49,2015-01
616419273958490112,c7b59b1e2d9746cc9ffd4be0066f8dbf,6713b58c9feb4ebc976f66a1caf69ecd,24582087763820625,,,24582849583644698,fadc17eae9214ed2a18c8cc347b2e5fb,,2017-09,2018-08,100,27b0481f09bc4606bdf7a0226d93f3f8,27b0481f09bc4606bdf7a0226d93f3f8,2017-10-23 08:45:49,Y,英语,d737979d9ca9430d9c6269c5913a588f,24582849583644721,2017-10-23 08:45:49,2015-01
616435123843235840,7e5b2b815b824aed87b1bb9fbc0ef01e,325582702c174194ade576bf87faa7d2,24582087763820625,,小学英语四年级一班,24582849583644698,70a3f47f08fc4652a11d14813789e5d6,,2017-08,2018-08,100,05cc505978c3452e8b2bd5d0bef01075,05cc505978c3452e8b2bd5d0bef01075,2017-10-23 09:48:48,Y,英语,d737979d9ca9430d9c6269c5913a588f,24582849583644721,2018-08-22 09:54:35,2014-07
616435123860013056,c001fa00ffbc4afb9cfc7de2a62458c7,12420e308e6f4ad6887569cd38a14c72,24582087763820625,,小学英语四年级二班,24582849583644698,70a3f47f08fc4652a11d14813789e5d6,,2017-08,2018-08,100,05cc505978c3452e8b2bd5d0bef01075,05cc505978c3452e8b2bd5d0bef01075,2017-10-23 09:48:48,Y,英语,d737979d9ca9430d9c6269c5913a588f,24582849583644721,2018-08-22 09:54:35,2014-07
616435123868401664,d64c50bfe8bf487a8011dca8d1e9d615,38361e278d4047a3ab4770816a97a5a7,24582087763820625,,小学英语四年级三班,24582849583644698,70a3f47f08fc4652a11d14813789e5d6,,2017-08,2018-08,100,05cc505978c3452e8b2bd5d0bef01075,05cc505978c3452e8b2bd5d0bef01075,2017-10-23 09:48:48,Y,英语,d737979d9ca9430d9c6269c5913a588f,24582849583644721,2018-08-22 09:54:35,2014-07
622211548869296128,0b9fc889e79e42e29cb093f260deed86,100ccef092f64ef594172860eaa74845,24582087763820625,,,24582849583644698,6a05a87343364a37a1770ef22956f674,,2017-09,2018-08,100,1de665428d6c496396ef8554ff9a0f1f,1de665428d6c496396ef8554ff9a0f1f,2017-11-08 08:22:15,Y,英语,d737979d9ca9430d9c6269c5913a588f,24582849583644721,2017-11-08 08:22:15,2014-07
626676571607924736,b1ec3cc1014c47c6b260abe9ce119a98,eef96ee1c9414a9681b547c7e563f335,24582087763820625,,,24582849583644698,6a05a87343364a37a1770ef22956f674,,2017-09,2018-08,100,27b0481f09bc4606bdf7a0226d93f3f8,27b0481f09bc4606bdf7a0226d93f3f8,2017-11-20 16:04:39,Y,英语,d737979d9ca9430d9c6269c5913a588f,24582849583644721,2017-11-20 16:04:39,2014-07
630575913293053952,2ba34352dc024cb08b0ff54837eca695,7b7073001cb449f7be0de291c88beadc,24582087763820625,,小学英语二年级四班,24582849583644698,70a3f47f08fc4652a11d14813789e5d6,,2017-09,2018-08,100,4e57885feea14021928eacfbc70d9153,4e57885feea14021928eacfbc70d9153,2017-12-01 10:19:15,Y,英语,d737979d9ca9430d9c6269c5913a588f,24582849583644721,2018-08-22 09:54:35,2015-07
630575996986195968,11b8ddf9e6344c888d87a66803f7af0e,599485817244614656,24582087763820625,,小学英语二年级五班,24582849583644698,94f4705b8d1a411f934da2a4f78e5fd3,,2017-09,2018-08,100,4e57885feea14021928eacfbc70d9153,4e57885feea14021928eacfbc70d9153,2017-12-01 10:19:35,Y,英语,d737979d9ca9430d9c6269c5913a588f,24582849583644721,2018-08-22 09:54:35,2015-07
642147778239135744,d65fe2c9b27f4106a870a0c365bda7a5,6347c1f88c6046dd900426467f78fb66,24582087763820625,,小学英语二年级三班,24582849583644698,6a05a87343364a37a1770ef22956f674,,2017-09,2018-08,100,4e57885feea14021928eacfbc70d9153,4e57885feea14021928eacfbc70d9153,2017-11-23 10:33:50,Y,英语,d737979d9ca9430d9c6269c5913a588f,24582849583644721,2018-08-22 09:54:35,2015-07
642147778255912960,7f646426c153475988fe383148010f1c,19ac058d2e8344058df1170455aac397,24582087763820625,,,24582849583644698,6a05a87343364a37a1770ef22956f674,,2017-09,2018-08,100,4e57885feea14021928eacfbc70d9153,4e57885feea14021928eacfbc70d9153,2017-11-23 10:33:50,Y,英语,d737979d9ca9430d9c6269c5913a588f,24582849583644721,2018-08-31 23:59:58,2015-07
642147778268495872,3cb05f901aa74f92a5a72c47bb1c041d,7b7073001cb449f7be0de291c88beadc,24582087763820625,,,24582849583644698,6a05a87343364a37a1770ef22956f674,,2017-09,2018-08,100,4e57885feea14021928eacfbc70d9153,4e57885feea14021928eacfbc70d9153,2017-11-23 10:33:50,Y,英语,d737979d9ca9430d9c6269c5913a588f,24582849583644721,2018-08-31 23:59:58,2015-07
642147778276884480,bbdeed8b894f4003affa510e7b61b95f,599485621655830528,24582087763820625,,,24582849583644698,6a05a87343364a37a1770ef22956f674,,2017-09,2018-08,100,4e57885feea14021928eacfbc70d9153,4e57885feea14021928eacfbc70d9153,2017-11-23 10:33:50,Y,英语,d737979d9ca9430d9c6269c5913a588f,24582849583644721,2018-08-31 23:59:58,2015-07
642147778289467392,5b705581b3034b719ea18eddf388fdf5,599485817244614656,24582087763820625,,,24582849583644698,6a05a87343364a37a1770ef22956f674,,2017-09,2018-08,100,4e57885feea14021928eacfbc70d9153,4e57885feea14021928eacfbc70d9153,2017-11-23 10:33:50,Y,英语,d737979d9ca9430d9c6269c5913a588f,24582849583644721,2018-08-31 23:59:58,2015-07
642148842615078912,085922e699e54369a0785eb47c827f94,b822d2d154914cae91a768f45494b7f6,24582087763820625,,小学英语二年级六班,24582849583644698,6a05a87343364a37a1770ef22956f674,,2017-09,2018-08,100,4e57885feea14021928eacfbc70d9153,4e57885feea14021928eacfbc70d9153,2017-11-23 10:33:50,Y,英语,d737979d9ca9430d9c6269c5913a588f,24582849583644721,2018-08-22 09:54:35,2015-07
662444372045856768,fc85d2fc15014165ba81d8dac103259a,12420e308e6f4ad6887569cd38a14c72,24582087763820625,,小学英语四年级二班,24582849583644698,fadc17eae9214ed2a18c8cc347b2e5fb,,2017-09,2018-08,100,05cc505978c3452e8b2bd5d0bef01075,05cc505978c3452e8b2bd5d0bef01075,,Y,英语,d737979d9ca9430d9c6269c5913a588f,24582849583644721,2018-08-22 09:54:35,2015-01
662444372058439680,e9a18c1776054d2fb1ba95ca053369f8,38361e278d4047a3ab4770816a97a5a7,24582087763820625,,小学英语四年级三班,24582849583644698,fadc17eae9214ed2a18c8cc347b2e5fb,,2017-09,2018-08,100,05cc505978c3452e8b2bd5d0bef01075,05cc505978c3452e8b2bd5d0bef01075,,Y,英语,d737979d9ca9430d9c6269c5913a588f,24582849583644721,2018-08-22 09:54:35,2015-01
662444372066828288,8c495350869c42078560409f5791072d,184988090d8b49b5ab4eda7be1b0148b,24582087763820625,,小学英语四年级四班,24582849583644698,fadc17eae9214ed2a18c8cc347b2e5fb,,2017-09,2018-08,100,05cc505978c3452e8b2bd5d0bef01075,05cc505978c3452e8b2bd5d0bef01075,,Y,英语,d737979d9ca9430d9c6269c5913a588f,24582849583644721,2018-08-22 09:54:35,2015-01
662445211338670080,98c4ee832a24411eb3b43261f81b18a4,eef96ee1c9414a9681b547c7e563f335,24582087763820625,,小学英语六年级五班,24582849583644698,6ff01f0413c84fbfbf2f1f00960f31ae,,2017-09,2018-08,100,27b0481f09bc4606bdf7a0226d93f3f8,27b0481f09bc4606bdf7a0226d93f3f8,2018-02-27 08:56:27,Y,英语,d737979d9ca9430d9c6269c5913a588f,24582849583644721,2018-08-22 09:54:35,2015-01
662445211355447296,5fbcba45ef244355a7a6087933dbbf25,a6e4531703d049f79941b9974fba00d9,24582087763820625,,小学英语六年级六班,24582849583644698,6ff01f0413c84fbfbf2f1f00960f31ae,,2017-09,2018-08,100,27b0481f09bc4606bdf7a0226d93f3f8,27b0481f09bc4606bdf7a0226d93f3f8,2018-02-27 08:56:27,Y,英语,d737979d9ca9430d9c6269c5913a588f,24582849583644721,2018-08-22 09:54:35,2015-01
662445211368030208,bc9075f6424c4a4c9f4f77cf5436556a,2e5d4b653e0647198bc5641bb79fbc36,24582087763820625,,小学英语六年级七班,24582849583644698,6ff01f0413c84fbfbf2f1f00960f31ae,,2017-09,2018-08,100,27b0481f09bc4606bdf7a0226d93f3f8,27b0481f09bc4606bdf7a0226d93f3f8,2018-02-27 08:56:27,Y,英语,d737979d9ca9430d9c6269c5913a588f,24582849583644721,2018-08-22 09:54:35,2015-01
662445211376418816,76b4499244e54d4e8cee5eeb37755b00,6713b58c9feb4ebc976f66a1caf69ecd,24582087763820625,,小学英语六年级八班,24582849583644698,6ff01f0413c84fbfbf2f1f00960f31ae,,2017-09,2018-08,100,27b0481f09bc4606bdf7a0226d93f3f8,27b0481f09bc4606bdf7a0226d93f3f8,2018-02-27 08:56:27,Y,英语,d737979d9ca9430d9c6269c5913a588f,24582849583644721,2018-08-22 09:54:35,2015-01
662447957102034944,ad3645e7fbd447f6a47dbc3ea7446e81,c6f591f02cb043af8dbf9dbf35d2d8f9,24582087763820625,,,24582849583644698,6a05a87343364a37a1770ef22956f674,,2017-09,2018-08,100,acad8a50651346479cfc4125d510d604,acad8a50651346479cfc4125d510d604,2018-02-27 09:07:22,Y,英语,d737979d9ca9430d9c6269c5913a588f,24582849583644721,2018-08-31 23:59:58,2015-01
663589071850831872,38a014e5614f4ac4aa933d76713c97cc,7b7073001cb449f7be0de291c88beadc,24582087763820625,,小学英语二年级四班,24582849583644698,1a7f2e3c0bec49a9a3b92a3d81d067af,,2018-01,2018-08,100,4e57885feea14021928eacfbc70d9153,4e57885feea14021928eacfbc70d9153,2017-12-01 10:18:15,Y,英语,d737979d9ca9430d9c6269c5913a588f,24582849583644721,2018-08-22 09:54:35,2016-01
663589136690577408,c9646d8a3fdf4b8fa1397207700702ec,19ac058d2e8344058df1170455aac397,24582087763820625,,小学英语二年级一班,24582849583644698,1a7f2e3c0bec49a9a3b92a3d81d067af,,2018-01,2018-08,100,4e57885feea14021928eacfbc70d9153,4e57885feea14021928eacfbc70d9153,2017-12-01 10:18:15,Y,英语,d737979d9ca9430d9c6269c5913a588f,24582849583644721,2018-08-22 09:54:35,2016-01
663590808867307520,9d4fa8a549e84b9cb856c8c4a6a7c428,1e4c9204be1b40f4a0ddc09e835a7751,24582087763820625,,小学英语四年级五班,24582849583644698,1a7f2e3c0bec49a9a3b92a3d81d067af,,2018-01,2018-08,100,05cc505978c3452e8b2bd5d0bef01075,05cc505978c3452e8b2bd5d0bef01075,2017-09-19 09:38:51,Y,英语,d737979d9ca9430d9c6269c5913a588f,24582849583644721,2018-08-22 09:54:35,2015-01
663590858104242176,c397097630624aeea832e7bb92515776,783b57090b614e50a76934f3553ca463,24582087763820625,,小学英语四年级六班,24582849583644698,1a7f2e3c0bec49a9a3b92a3d81d067af,,2018-01,2018-08,100,05cc505978c3452e8b2bd5d0bef01075,05cc505978c3452e8b2bd5d0bef01075,2017-09-19 09:38:35,Y,英语,d737979d9ca9430d9c6269c5913a588f,24582849583644721,2018-08-22 09:54:35,2015-01
673680404980432896,7ed9166fc2be41169c84d875801fef28,5683e6ffe3984f08a66eb3d350aec0a5,24582087763820625,,小学英语三年级三班,24582849583644698,ec5db90ca58945c59542879c4e5f08be,,2017-09,2018-08,100,acad8a50651346479cfc4125d510d604,acad8a50651346479cfc4125d510d604,2017-12-01 10:18:52,Y,英语,d737979d9ca9430d9c6269c5913a588f,24582849583644721,2018-08-22 09:54:35,2015-01
673680404993015808,9bf71678281c410d94949ac9c0c55457,c7cc490a982f48a894d7cb4e65913bb0,24582087763820625,,小学英语三年级五班,24582849583644698,ec5db90ca58945c59542879c4e5f08be,,2017-09,2018-08,100,acad8a50651346479cfc4125d510d604,acad8a50651346479cfc4125d510d604,2017-12-01 10:18:52,Y,英语,d737979d9ca9430d9c6269c5913a588f,24582849583644721,2018-08-22 09:54:35,2015-01
673680405005598720,a47ea543c9bd47a88f6ec54a14915e45,c6f591f02cb043af8dbf9dbf35d2d8f9,24582087763820625,,小学英语三年级六班,24582849583644698,ec5db90ca58945c59542879c4e5f08be,,2017-09,2018-08,100,acad8a50651346479cfc4125d510d604,acad8a50651346479cfc4125d510d604,2017-12-01 10:18:52,Y,英语,d737979d9ca9430d9c6269c5913a588f,24582849583644721,2018-08-22 09:54:35,2015-01
673680405013987328,9017589df43f40a593a74e9eaffa9fe1,c9d368d6381e4265af9822f40a9e17cc,24582087763820625,,小学英语三年级二班,24582849583644698,ec5db90ca58945c59542879c4e5f08be,,2017-09,2018-08,100,acad8a50651346479cfc4125d510d604,acad8a50651346479cfc4125d510d604,2017-12-01 10:18:52,Y,英语,d737979d9ca9430d9c6269c5913a588f,24582849583644721,2018-08-22 09:54:35,2015-01
680564350540316672,e479c4e1a13540caa36d127d969a7b38,59ca662265ee46cb973673e898c706eb,24582087763820625,,小学英语三年级一班,24582849583644698,6a05a87343364a37a1770ef22956f674,,2017-09,2018-08,100,acad8a50651346479cfc4125d510d604,acad8a50651346479cfc4125d510d604,2018-02-27 09:07:22,Y,英语,d737979d9ca9430d9c6269c5913a588f,24582849583644721,2018-08-22 09:54:35,2015-01
680564350548705280,c487a8cb0e2343f88e00eac9263541f5,9e79e2f0463c41df91843d1b26c0af7f,24582087763820625,,小学英语三年级四班,24582849583644698,6a05a87343364a37a1770ef22956f674,,2017-09,2018-08,100,acad8a50651346479cfc4125d510d604,acad8a50651346479cfc4125d510d604,2018-02-27 09:07:22,Y,英语,d737979d9ca9430d9c6269c5913a588f,24582849583644721,2018-08-22 09:54:35,2015-01
682405297062412288,05987b1687b9482e9155b3f8c080404e,599485621655830528,24582087763820625,,小学英语二年级二班,24582849583644698,ca51f44b2d79422497ade60ef1328c29,,2017-09,2018-08,100,4e57885feea14021928eacfbc70d9153,4e57885feea14021928eacfbc70d9153,2018-02-27 08:51:47,Y,英语,d737979d9ca9430d9c6269c5913a588f,24582849583644721,2018-08-22 09:54:35,2016-01
682405447042334720,7561529aa9a44ca0ba73fc588df0041a,599485817244614656,24582087763820625,,小学英语二年级五班,24582849583644698,ca51f44b2d79422497ade60ef1328c29,,2017-09,2018-08,100,4e57885feea14021928eacfbc70d9153,4e57885feea14021928eacfbc70d9153,,Y,英语,d737979d9ca9430d9c6269c5913a588f,24582849583644721,2018-08-22 09:54:35,2016-01
682405862387482624,e790fce3e4f64eeebf8e3a81ac5fea17,4341cd116cb0408b964c068927a85487,24582087763820625,,小学英语六年级二班,24582849583644698,ca51f44b2d79422497ade60ef1328c29,,2017-09,2018-08,100,27b0481f09bc4606bdf7a0226d93f3f8,27b0481f09bc4606bdf7a0226d93f3f8,,Y,英语,d737979d9ca9430d9c6269c5913a588f,24582849583644721,2018-08-22 09:54:35,2015-01
682405899309940736,34338f8582f84a92934c4da84df9d0cc,bb69acf102d34412bddf7b748fb218a4,24582087763820625,,小学英语六年级一班,24582849583644698,ca51f44b2d79422497ade60ef1328c29,,2017-09,2018-08,100,27b0481f09bc4606bdf7a0226d93f3f8,27b0481f09bc4606bdf7a0226d93f3f8,,Y,英语,d737979d9ca9430d9c6269c5913a588f,24582849583644721,2018-08-22 09:54:35,2015-01
682749406776131584,51454c78db5d401188006901a2c02239,1c0d2a502187444298669bcc21fe254d,24582087763820625,,小学英语五年级四班,24582849583644698,bc6a0043156c4d969772119474b8c1ac,,2017-09,2018-08,100,1de665428d6c496396ef8554ff9a0f1f,1de665428d6c496396ef8554ff9a0f1f,,Y,英语,d737979d9ca9430d9c6269c5913a588f,24582849583644721,2018-08-22 09:54:35,2015-01
682749452552765440,187877ce227f4a0283d62d41c1c16dd5,e473a0fd0d654473bdc8c4608d8c5dde,24582087763820625,,小学英语五年级三班,24582849583644698,bc6a0043156c4d969772119474b8c1ac,,2017-09,2018-08,100,1de665428d6c496396ef8554ff9a0f1f,1de665428d6c496396ef8554ff9a0f1f,2017-12-01 09:53:18,Y,英语,d737979d9ca9430d9c6269c5913a588f,24582849583644721,2018-08-22 09:54:35,2015-01
682749494491611136,6362c5c4723642beb60c9b2bfec6588f,043790ac4f4f4c7a8fa545ecc7dff1ba,24582087763820625,,小学英语五年级一班,24582849583644698,bc6a0043156c4d969772119474b8c1ac,,2017-09,2018-08,100,1de665428d6c496396ef8554ff9a0f1f,1de665428d6c496396ef8554ff9a0f1f,2017-12-01 09:53:02,Y,英语,d737979d9ca9430d9c6269c5913a588f,24582849583644721,2018-08-22 09:54:35,2015-01
682749537630027776,fa205a5176ab441db6216e2ad36da203,100ccef092f64ef594172860eaa74845,24582087763820625,,小学英语五年级二班,24582849583644698,bc6a0043156c4d969772119474b8c1ac,,2017-09,2018-08,100,1de665428d6c496396ef8554ff9a0f1f,1de665428d6c496396ef8554ff9a0f1f,,Y,英语,d737979d9ca9430d9c6269c5913a588f,24582849583644721,2018-08-22 09:54:35,2015-01
718358209806467072,eafb20f8cf354a4ea83f9cfd823f4125,cfb3259f5dd04e20a2528fbbea023ad9,24582087763820625,,小学语文四年级一千八百零三班,24582849583644696,52678edea4944f8db4e2678aa9070c19,,2018-06,2018-11,300,05cc505978c3452e8b2bd5d0bef01075,05cc505978c3452e8b2bd5d0bef01075,2018-07-31 15:54:45,Y,1803语文,d737979d9ca9430d9c6269c5913a588f,24582849583644712,2018-08-22 09:54:35,2004-06
718358514052890624,6736ff7a96be434088b43ea41371c981,cfb3259f5dd04e20a2528fbbea023ad9,24582087763820625,,小学数学四年级一千八百零三班,24582849583644697,52678edea4944f8db4e2678aa9070c19,,2018-06,2018-11,300,05cc505978c3452e8b2bd5d0bef01075,05cc505978c3452e8b2bd5d0bef01075,2018-07-31 15:55:58,Y,1803数学,d737979d9ca9430d9c6269c5913a588f,24582849583644712,2018-08-22 09:54:35,2014-03
718358832027271168,82a684d916ba4c14a49e6743776dbf20,cfb3259f5dd04e20a2528fbbea023ad9,24582087763820625,,小学英语四年级一千八百零三班,24582849583644698,52678edea4944f8db4e2678aa9070c19,,2018-06,2018-12,300,05cc505978c3452e8b2bd5d0bef01075,05cc505978c3452e8b2bd5d0bef01075,2018-07-31 15:57:13,Y,1803英语,d737979d9ca9430d9c6269c5913a588f,24582849583644721,2018-08-22 09:54:35,2014-07
718359232381976576,2eaf12bf62ab4ef1a674ad08ceb3dfb1,cfb3259f5dd04e20a2528fbbea023ad9,24582087763820625,,小学品德与社会四年级一千八百零三班,24582849583644710,52678edea4944f8db4e2678aa9070c19,,2018-06,2018-11,300,05cc505978c3452e8b2bd5d0bef01075,05cc505978c3452e8b2bd5d0bef01075,2018-07-31 15:58:49,Y,1803班思品,d737979d9ca9430d9c6269c5913a588f,24582849583644712,2018-08-22 09:54:35,2010-01
728121711240675328,f884c8a1cedf4b5689c2e161d2992d21,783b57090b614e50a76934f3553ca463,24582087763820625,,,24582849583644697,26106601c078434a8b24270ad656feaa,,2018-08,2019-09,200,05cc505978c3452e8b2bd5d0bef01075,05cc505978c3452e8b2bd5d0bef01075,2018-08-27 14:31:25,N,数学,d737979d9ca9430d9c6269c5913a588f,24582849583644712,2018-08-27 14:31:25,2014-03
728521364180303872,bd267cfbddd245f992236a4077c336e5,cfb3259f5dd04e20a2528fbbea023ad9,24582087763820625,,,24582849583644697,52678edea4944f8db4e2678aa9070c19,,2018-02,2020-12,200,05cc505978c3452e8b2bd5d0bef01075,05cc505978c3452e8b2bd5d0bef01075,2018-08-28 16:59:30,N,数学,d737979d9ca9430d9c6269c5913a588f,24582849583644712,2018-08-28 16:59:30,2014-10
729153642304634880,a05536933a264082b016345ca863da83,b857a53631914ac7b0f1626b7cef2708,24582087763820625,,,24582849583644697,8eeaa8d471364c808a6f90be2a0b331a,,2017-08,2019-09,200,1de665428d6c496396ef8554ff9a0f1f,1de665428d6c496396ef8554ff9a0f1f,2018-08-30 10:51:57,N,数学,d737979d9ca9430d9c6269c5913a588f,24582849583644712,2018-08-30 10:51:57,2014-03
729155280834658304,30adf0163f8a4555a9134fa7b01eab47,b229449e488b40ce98bd68991ca7b8ca,24582087763820625,,,24582849583644696,dadfb8507d09464391e7473079b0a6ad,,2017-09,2019-09,200,1de665428d6c496396ef8554ff9a0f1f,1de665428d6c496396ef8554ff9a0f1f,2018-08-30 10:58:27,Y,语文,d737979d9ca9430d9c6269c5913a588f,24582849583644712,2018-08-30 10:58:27,2006-06
729156376021958656,2dd3c0d578584d9fb0f0ad223ee0a231,355dac6a2ea54ace90dafbb43e9d80f5,24582087763820625,,,24582849583644696,dadfb8507d09464391e7473079b0a6ad,,2017-09,2019-09,200,1de665428d6c496396ef8554ff9a0f1f,1de665428d6c496396ef8554ff9a0f1f,2018-08-30 10:58:27,N,语文,d737979d9ca9430d9c6269c5913a588f,24582849583644712,2018-08-30 11:02:48,2006-06
729157528327290880,d270dc3da2534c4b8185eddb65836aae,100ccef092f64ef594172860eaa74845,24582087763820625,,,24582849583644696,f4eccdc958034155828870a57a21ef16,,2017-09,2019-09,200,1de665428d6c496396ef8554ff9a0f1f,1de665428d6c496396ef8554ff9a0f1f,2018-08-30 11:07:23,N,语文,d737979d9ca9430d9c6269c5913a588f,24582849583644712,2018-08-30 11:07:23,2006-06
729160745203269632,f05ec58dec6f421190ab76cb606395f8,1c0d2a502187444298669bcc21fe254d,24582087763820625,,,24582849583644696,7e68c3e25d6c4c20b15c542b56ca41a7,,2017-09,2019-09,200,1de665428d6c496396ef8554ff9a0f1f,1de665428d6c496396ef8554ff9a0f1f,2018-08-30 11:20:10,N,语文,d737979d9ca9430d9c6269c5913a588f,24582849583644712,2018-08-30 11:20:10,2006-06
729165256537931776,f7a5e75fafc149d78968f614c6f350cd,b229449e488b40ce98bd68991ca7b8ca,24582087763820625,,,24582849583644696,761158491ec643f6b68209056103790b,,2017-09,2019-09,200,1de665428d6c496396ef8554ff9a0f1f,1de665428d6c496396ef8554ff9a0f1f,2018-08-30 11:38:06,N,语文,d737979d9ca9430d9c6269c5913a588f,24582849583644712,2018-08-30 11:38:06,2006-06
729204488971223040,729322a248104205b0ba4dee9fbb6c7e,b9486301a35f460ba9970e380af7d246,24582087763820625,,,24582849583644697,81ae1f4a2760472fb53929642a022692,,2018-09,2019-08,300,a8c0f5f056c1460f9b16bbb49fb904ca,a8c0f5f056c1460f9b16bbb49fb904ca,2018-08-30 14:13:59,N,数学,d737979d9ca9430d9c6269c5913a588f,24582849583644712,2018-08-30 14:13:59,2013-06
729204489109635072,f42d037840d046ffa7ec113d90b25de7,7bd5d6d2832d4d15a2f66ebdf22870ba,24582087763820625,,,24582849583644697,d9dd2c1eb0ec4d3583d9d5249a05455d,,2018-09,2019-08,300,a8c0f5f056c1460f9b16bbb49fb904ca,a8c0f5f056c1460f9b16bbb49fb904ca,2018-08-30 14:13:59,N,数学,d737979d9ca9430d9c6269c5913a588f,24582849583644712,2018-08-30 14:13:59,2013-06
729204489143189504,8d70c7ad3d3142c393cf07a4e5e4f6cc,89a779b1d72b484c8e0e4bd58c80988b,24582087763820625,,,24582849583644697,d9dd2c1eb0ec4d3583d9d5249a05455d,,2018-09,2019-08,300,a8c0f5f056c1460f9b16bbb49fb904ca,a8c0f5f056c1460f9b16bbb49fb904ca,2018-08-30 14:14:00,N,数学,d737979d9ca9430d9c6269c5913a588f,24582849583644712,2018-08-30 14:14:00,2013-06
729205685429993472,8070b689ee31472ba0d1c12c48b366a1,89a779b1d72b484c8e0e4bd58c80988b,24582087763820625,,,24582849583644696,1000ecd234324c5da59dd85850d1682a,,2018-09,2019-08,300,a8c0f5f056c1460f9b16bbb49fb904ca,a8c0f5f056c1460f9b16bbb49fb904ca,2018-08-30 14:18:45,N,语文,d737979d9ca9430d9c6269c5913a588f,24582849583644712,2018-08-30 14:18:45,2017-07
729205685492908032,9d4118ce953841cf9bc3780eeeacc588,7bd5d6d2832d4d15a2f66ebdf22870ba,24582087763820625,,,24582849583644696,1000ecd234324c5da59dd85850d1682a,,2018-09,2019-08,300,a8c0f5f056c1460f9b16bbb49fb904ca,a8c0f5f056c1460f9b16bbb49fb904ca,2018-08-30 14:18:45,N,语文,d737979d9ca9430d9c6269c5913a588f,24582849583644712,2018-08-30 14:18:45,2017-07
729205685539045376,20b9be7fa2bf46c3a05a16b4eb9ebded,074c1ee8bd36459dbfa002d8fdaf33c5,24582087763820625,,,24582849583644696,2db3fb9415a647129e76f8ec12c85a3e,,2018-09,2019-08,300,a8c0f5f056c1460f9b16bbb49fb904ca,a8c0f5f056c1460f9b16bbb49fb904ca,2018-08-30 14:18:45,N,语文,d737979d9ca9430d9c6269c5913a588f,24582849583644712,2018-08-30 14:18:45,2017-07
729205685576794112,65a8c332d09d44b0b54da4abd5569099,2a6f9cadb7ae48d68f4f8cc6f75c03b2,24582087763820625,,,24582849583644696,2db3fb9415a647129e76f8ec12c85a3e,,2018-09,2019-08,300,a8c0f5f056c1460f9b16bbb49fb904ca,a8c0f5f056c1460f9b16bbb49fb904ca,2018-08-30 14:18:45,N,语文,d737979d9ca9430d9c6269c5913a588f,24582849583644712,2018-08-30 14:18:45,2017-07
729205685664874496,1c423bf0894c418fb0448d6cec54f8b8,6244bc9e24094b60bd3701f9fdddb16d,24582087763820625,,,24582849583644697,e9adda589f8b41bc9b3fec41e1090db1,,2018-09,2019-08,300,a8c0f5f056c1460f9b16bbb49fb904ca,a8c0f5f056c1460f9b16bbb49fb904ca,2018-08-30 14:18:45,N,数学,d737979d9ca9430d9c6269c5913a588f,24582849583644712,2018-08-30 14:18:45,2013-06
729205685702623232,d16d0131acc342ba8b3807716fb4f67e,6244bc9e24094b60bd3701f9fdddb16d,24582087763820625,,,24582849583644696,e1f76b056e9545bfa45d0e4c84bc4289,,2018-09,2019-08,300,a8c0f5f056c1460f9b16bbb49fb904ca,a8c0f5f056c1460f9b16bbb49fb904ca,2018-08-30 14:18:45,N,语文,d737979d9ca9430d9c6269c5913a588f,24582849583644712,2018-08-30 14:18:45,2017-07
729205685761343488,4b126efd46c945dcae9da10a70ec2c72,0c0ac145e822488c81deed6be9dd2398,24582087763820625,,,24582849583644696,01cd62c037d34b1789b7e521d0af6670,,2018-09,2019-08,300,a8c0f5f056c1460f9b16bbb49fb904ca,a8c0f5f056c1460f9b16bbb49fb904ca,2018-08-30 14:18:45,N,语文,d737979d9ca9430d9c6269c5913a588f,24582849583644712,2018-08-30 14:18:45,2017-07
729205685891366912,c13cbafc6f9e4261b1043d5a8510e502,b9486301a35f460ba9970e380af7d246,24582087763820625,,,24582849583644696,a7ed8ea2692d47b7a25d6f2f37076ca5,,2018-09,2019-08,300,a8c0f5f056c1460f9b16bbb49fb904ca,a8c0f5f056c1460f9b16bbb49fb904ca,2018-08-30 14:18:45,N,语文,d737979d9ca9430d9c6269c5913a588f,24582849583644712,2018-08-30 14:18:45,2017-07
729206254756429824,6ff48795b0f24d94b9a53e60e47b538e,2a6f9cadb7ae48d68f4f8cc6f75c03b2,24582087763820625,,,24582849583644697,f6e81b970ad44bcea09bb871b26b0836,,2017-09,2019-09,200,a8c0f5f056c1460f9b16bbb49fb904ca,a8c0f5f056c1460f9b16bbb49fb904ca,2018-08-30 14:21:00,N,数学,d737979d9ca9430d9c6269c5913a588f,24582849583644712,2018-08-30 14:21:00,2013-06
729206254769012736,20b7a0e3e04f4b238554d6d1523a8af8,074c1ee8bd36459dbfa002d8fdaf33c5,24582087763820625,,,24582849583644697,f6e81b970ad44bcea09bb871b26b0836,,2017-09,2019-09,200,a8c0f5f056c1460f9b16bbb49fb904ca,a8c0f5f056c1460f9b16bbb49fb904ca,2018-08-30 14:21:00,N,数学,d737979d9ca9430d9c6269c5913a588f,24582849583644712,2018-08-30 14:21:00,2013-06
729213147872755712,105ea8f8f6c345568322906374a25b8a,043790ac4f4f4c7a8fa545ecc7dff1ba,24582087763820625,,,24582849583644696,b07cd69c71194d8ea4e8f9b91168b84a,,2017-09,2019-09,200,1de665428d6c496396ef8554ff9a0f1f,1de665428d6c496396ef8554ff9a0f1f,2018-08-30 14:48:24,N,语文,d737979d9ca9430d9c6269c5913a588f,24582849583644712,2018-08-30 14:48:24,2006-06
729213519685222400,985626ff66d54082ab9082d7217ddc82,043790ac4f4f4c7a8fa545ecc7dff1ba,24582087763820625,,,24582849583644697,6ef3c2dd2d664239a72cacc3cdaf22b2,,2017-09,2019-09,200,1de665428d6c496396ef8554ff9a0f1f,1de665428d6c496396ef8554ff9a0f1f,2018-08-30 14:49:53,N,数学,d737979d9ca9430d9c6269c5913a588f,24582849583644712,2018-08-30 14:49:53,2014-03
729215772009693184,18398e28296540cfba50a2e475caf3c2,043790ac4f4f4c7a8fa545ecc7dff1ba,24582087763820625,,,24582849583644697,9434d1b26be54d6f9ddc0599df3e5aa7,,2017-10,2019-09,200,1de665428d6c496396ef8554ff9a0f1f,1de665428d6c496396ef8554ff9a0f1f,2018-08-30 14:58:50,N,数学,d737979d9ca9430d9c6269c5913a588f,24582849583644712,2018-08-30 14:58:50,2014-03
729216766336565248,b63ef6dbdf714886840265f40c923bf7,100ccef092f64ef594172860eaa74845,24582087763820625,,,24582849583644697,73094f9db30842e0b4b67a6624c2e3f0,,2017-09,2019-09,200,1de665428d6c496396ef8554ff9a0f1f,1de665428d6c496396ef8554ff9a0f1f,2018-08-30 15:02:47,N,数学,d737979d9ca9430d9c6269c5913a588f,24582849583644712,2018-08-30 15:02:47,2014-03
729217962820501504,c795d486d7204af7ad0faabdf8a196e6,e473a0fd0d654473bdc8c4608d8c5dde,24582087763820625,,,24582849583644696,d7122ccd500e45eda886ca51a568b9b9,,2017-09,2019-09,200,1de665428d6c496396ef8554ff9a0f1f,1de665428d6c496396ef8554ff9a0f1f,2018-08-30 15:07:32,N,语文,d737979d9ca9430d9c6269c5913a588f,24582849583644712,2018-08-30 15:07:32,2006-06
729218237996204032,5dc3368d6bf64013aee4f52344975c3a,e473a0fd0d654473bdc8c4608d8c5dde,24582087763820625,,,24582849583644697,7c0bc7e68e7246ed89321ba02f64a088,,2017-09,2019-09,200,1de665428d6c496396ef8554ff9a0f1f,1de665428d6c496396ef8554ff9a0f1f,2018-08-30 15:08:37,N,数学,d737979d9ca9430d9c6269c5913a588f,24582849583644712,2018-08-30 15:08:37,2014-03
729219916422447104,1284ab6f78254a2d8372296eb4a101e7,1c0d2a502187444298669bcc21fe254d,24582087763820625,,,24582849583644697,bcd45f50cdd84a238faf634bf3f2d2d9,,2017-09,2019-09,200,1de665428d6c496396ef8554ff9a0f1f,1de665428d6c496396ef8554ff9a0f1f,2018-08-30 15:15:18,N,数学,d737979d9ca9430d9c6269c5913a588f,24582849583644712,2018-08-30 15:15:18,2014-03
729221430373253120,9d07bc55c7f8413593ec752fd4c0b325,b857a53631914ac7b0f1626b7cef2708,24582087763820625,,,24582849583644696,f8e03e556883457f8b6ad0c211340306,,2017-09,2019-09,200,1de665428d6c496396ef8554ff9a0f1f,1de665428d6c496396ef8554ff9a0f1f,2018-08-30 15:21:19,N,语文,d737979d9ca9430d9c6269c5913a588f,24582849583644712,2018-08-30 15:21:19,2006-06
729223234129494016,7bb514e7ce0940b68f0879010efb0a6c,355dac6a2ea54ace90dafbb43e9d80f5,24582087763820625,,,24582849583644697,2ebcd012dad1450c8e1a2dda4eb508d1,,2017-09,2019-09,200,1de665428d6c496396ef8554ff9a0f1f,1de665428d6c496396ef8554ff9a0f1f,2018-08-30 15:28:29,N,数学,d737979d9ca9430d9c6269c5913a588f,24582849583644712,2018-08-30 15:28:29,2014-03
729224611882860544,a22a4934bcd54a5f82b62b10c03beb9b,22cd2dee02df4de49f0750508797ff91,24582087763820625,,,24582849583644697,6394c34451104e588221fb526b1e689e,,2017-09,2019-09,200,1de665428d6c496396ef8554ff9a0f1f,1de665428d6c496396ef8554ff9a0f1f,2018-08-30 15:33:57,N,数学,d737979d9ca9430d9c6269c5913a588f,24582849583644712,2018-08-30 15:33:57,2014-03
729224930599632896,4adfbf206b144953849c11ee1f14353f,22cd2dee02df4de49f0750508797ff91,24582087763820625,,,24582849583644696,2ef5b5a6d8c0475a8b6e063701846701,,2017-09,2018-09,200,1de665428d6c496396ef8554ff9a0f1f,1de665428d6c496396ef8554ff9a0f1f,2018-08-30 15:35:13,Y,语文,d737979d9ca9430d9c6269c5913a588f,24582849583644712,2018-10-01 23:59:58,2006-06
729227535946088448,1c672caed6b04ac2a8ecf89abd156b30,b229449e488b40ce98bd68991ca7b8ca,24582087763820625,,,24582849583644697,0c0feaba95204f7e8938c91695fb994f,,2017-09,2018-09,200,1de665428d6c496396ef8554ff9a0f1f,1de665428d6c496396ef8554ff9a0f1f,2018-08-30 15:45:34,Y,数学,d737979d9ca9430d9c6269c5913a588f,24582849583644712,2018-10-01 23:59:58,2014-03
729228894153998336,d60a5692f9ad4a459eaf47fb0b80ae6a,19ac058d2e8344058df1170455aac397,24582087763820625,,,24582849583644697,969067dd8362477f86a452c2a499343c,,2018-09,2019-08,300,4e57885feea14021928eacfbc70d9153,4e57885feea14021928eacfbc70d9153,2018-08-30 15:50:58,N,数学,d737979d9ca9430d9c6269c5913a588f,24582849583644712,2018-08-30 15:50:58,2014-06
729228894191747072,b699ec3a71594ba49784a177c5ae8821,6347c1f88c6046dd900426467f78fb66,24582087763820625,,,24582849583644697,83f4023376524103acbf7605eff5efc1,,2018-09,2019-08,300,4e57885feea14021928eacfbc70d9153,4e57885feea14021928eacfbc70d9153,2018-08-30 15:50:58,N,数学,d737979d9ca9430d9c6269c5913a588f,24582849583644712,2018-08-30 15:50:58,2014-06
729228894225301504,373068448f5a4f15be48d776c0e2a487,7b7073001cb449f7be0de291c88beadc,24582087763820625,,,24582849583644697,83f4023376524103acbf7605eff5efc1,,2018-09,2019-08,300,4e57885feea14021928eacfbc70d9153,4e57885feea14021928eacfbc70d9153,2018-08-30 15:50:58,N,数学,d737979d9ca9430d9c6269c5913a588f,24582849583644712,2018-08-30 15:50:58,2014-06
729228894263050240,edbe6da391404af7899c5c0cdb5b769a,599485817244614656,24582087763820625,,,24582849583644697,c3871c2590534580b2020d3402483786,,2018-09,2019-08,300,4e57885feea14021928eacfbc70d9153,4e57885feea14021928eacfbc70d9153,2018-08-30 15:50:58,N,数学,d737979d9ca9430d9c6269c5913a588f,24582849583644712,2018-08-30 15:50:58,2014-06
729228894296604672,69e9f73ffd60432bb75b534d9f79149c,b822d2d154914cae91a768f45494b7f6,24582087763820625,,,24582849583644697,c3871c2590534580b2020d3402483786,,2018-09,2019-08,300,4e57885feea14021928eacfbc70d9153,4e57885feea14021928eacfbc70d9153,2018-08-30 15:50:58,N,数学,d737979d9ca9430d9c6269c5913a588f,24582849583644712,2018-08-30 15:50:58,2014-06
729228894330159104,f02da0959fe74a1db2e21ba658579f75,599485621655830528,24582087763820625,,,24582849583644697,78e18fc163994e65808be2cbb0b6fbb9,,2018-09,2019-08,300,4e57885feea14021928eacfbc70d9153,4e57885feea14021928eacfbc70d9153,2018-08-30 15:50:58,N,数学,d737979d9ca9430d9c6269c5913a588f,24582849583644712,2018-08-30 15:50:58,2014-06
729229494702833664,7bdf086bd1ef4818aa063a71107dc27e,19ac058d2e8344058df1170455aac397,24582087763820625,,,24582849583644696,948eedcbb28c4178af50a5d316e61133,,2018-09,2019-08,300,4e57885feea14021928eacfbc70d9153,4e57885feea14021928eacfbc70d9153,2018-08-30 15:53:21,Y,语文,d737979d9ca9430d9c6269c5913a588f,24582849583644712,2018-08-30 15:53:21,2003-06
729229494740582400,d679c6a9e77d45769cc3fae1ecaece56,599485621655830528,24582087763820625,,,24582849583644696,948eedcbb28c4178af50a5d316e61133,,2018-09,2019-08,300,4e57885feea14021928eacfbc70d9153,4e57885feea14021928eacfbc70d9153,2018-08-30 15:53:21,N,语文,d737979d9ca9430d9c6269c5913a588f,24582849583644712,2018-08-30 15:53:21,2003-06
729229494774136832,ea88a5f60e5d42ea82976bbb42d1251c,599485817244614656,24582087763820625,,,24582849583644696,c460ff6efe914a818ce162342df91cee,,2018-09,2019-08,300,4e57885feea14021928eacfbc70d9153,4e57885feea14021928eacfbc70d9153,2018-08-30 15:53:21,N,语文,d737979d9ca9430d9c6269c5913a588f,24582849583644712,2018-08-30 15:53:21,2003-06
729229494811885568,e3446597824b4dddba236e57e9023dfb,b822d2d154914cae91a768f45494b7f6,24582087763820625,,,24582849583644696,86c5541d9edb436fb685d5f9eec9231e,,2018-09,2019-08,300,4e57885feea14021928eacfbc70d9153,4e57885feea14021928eacfbc70d9153,2018-08-30 15:53:21,N,语文,d737979d9ca9430d9c6269c5913a588f,24582849583644712,2018-08-30 15:53:21,2003-06
729229494849634304,543d6a917a184888a76b88006718f51f,6347c1f88c6046dd900426467f78fb66,24582087763820625,,,24582849583644696,af29eb57be0c451294508af055e0e358,,2018-09,2019-08,300,4e57885feea14021928eacfbc70d9153,4e57885feea14021928eacfbc70d9153,2018-08-30 15:53:21,N,语文,d737979d9ca9430d9c6269c5913a588f,24582849583644712,2018-08-30 15:53:21,2003-06
729229494887383040,fab405611ff5482c853d13ed9d40270f,7b7073001cb449f7be0de291c88beadc,24582087763820625,,,24582849583644696,af29eb57be0c451294508af055e0e358,,2018-09,2019-08,300,4e57885feea14021928eacfbc70d9153,4e57885feea14021928eacfbc70d9153,2018-08-30 15:53:21,N,语文,d737979d9ca9430d9c6269c5913a588f,24582849583644712,2018-08-30 15:53:21,2003-06
729238585227608064,3d07a43b5caf4067a39b929f195845e4,5683e6ffe3984f08a66eb3d350aec0a5,24582087763820625,,,24582849583644697,228ba239ab754ba094b9a16e39d17ca6,,2018-08,2019-08,100,acad8a50651346479cfc4125d510d604,acad8a50651346479cfc4125d510d604,2018-08-30 16:29:29,N,数学,d737979d9ca9430d9c6269c5913a588f,24582849583644712,2018-08-30 16:29:29,2014-03
729238585265356800,f2dc8ad7d9f547388f608dad83067c76,5683e6ffe3984f08a66eb3d350aec0a5,24582087763820625,,,24582849583644696,fd1df87f08fb48b1b946cb805cc616ed,,2018-08,2019-08,100,acad8a50651346479cfc4125d510d604,acad8a50651346479cfc4125d510d604,2018-08-30 16:29:29,N,语文,d737979d9ca9430d9c6269c5913a588f,24582849583644712,2018-08-30 16:29:29,2004-06
729238585303105536,353db272a2d3496e97f886356766ce91,c7cc490a982f48a894d7cb4e65913bb0,24582087763820625,,,24582849583644696,f4733106395d40739ca7c1feb8683f6f,,2018-08,2019-08,100,acad8a50651346479cfc4125d510d604,acad8a50651346479cfc4125d510d604,2018-08-30 16:29:29,N,语文,d737979d9ca9430d9c6269c5913a588f,24582849583644712,2018-08-30 16:29:29,2004-06
729238585336659968,ddd5a855a4a9438d93e4e8a5a3562cca,c6f591f02cb043af8dbf9dbf35d2d8f9,24582087763820625,,,24582849583644696,f4733106395d40739ca7c1feb8683f6f,,2018-08,2019-08,100,acad8a50651346479cfc4125d510d604,acad8a50651346479cfc4125d510d604,2018-08-30 16:29:29,N,语文,d737979d9ca9430d9c6269c5913a588f,24582849583644712,2018-08-30 16:29:29,2004-06
729238585370214400,a9e88cf09bc64f2b888f1f2fe6a6391f,59ca662265ee46cb973673e898c706eb,24582087763820625,,,24582849583644696,9f31a0432d234872af61c5f89a6c53fb,,2018-08,2019-08,100,acad8a50651346479cfc4125d510d604,acad8a50651346479cfc4125d510d604,2018-08-30 16:29:29,N,语文,d737979d9ca9430d9c6269c5913a588f,24582849583644712,2018-08-30 16:29:29,2004-06
729238585592512512,6892be480e5849f19e3559996d003af4,c6f591f02cb043af8dbf9dbf35d2d8f9,24582087763820625,,,24582849583644697,11148ff05c6844f9ba137067a02b19a7,,2018-08,2019-08,100,acad8a50651346479cfc4125d510d604,acad8a50651346479cfc4125d510d604,2018-08-30 16:29:29,N,数学,d737979d9ca9430d9c6269c5913a588f,24582849583644712,2018-08-30 16:29:29,2014-03
729238585630261248,e0a19126e57548289cb646a65a41647b,c7cc490a982f48a894d7cb4e65913bb0,24582087763820625,,,24582849583644697,11148ff05c6844f9ba137067a02b19a7,,2018-08,2019-08,100,acad8a50651346479cfc4125d510d604,acad8a50651346479cfc4125d510d604,2018-08-30 16:29:29,N,数学,d737979d9ca9430d9c6269c5913a588f,24582849583644712,2018-08-30 16:29:29,2014-03
729238585705758720,fd4b3f93f78548db816ca9c56ebd4c32,9e79e2f0463c41df91843d1b26c0af7f,24582087763820625,,,24582849583644696,9f2ff9ef35d84678b1ad011ae29ccab5,,2018-08,2019-08,100,acad8a50651346479cfc4125d510d604,acad8a50651346479cfc4125d510d604,2018-08-30 16:29:29,N,语文,d737979d9ca9430d9c6269c5913a588f,24582849583644712,2018-08-30 16:29:29,2004-06
729238585739313152,4201d1d7bf4949e8be1edc72b1fb4d8e,c9d368d6381e4265af9822f40a9e17cc,24582087763820625,,,24582849583644697,bafa42c801fc42e0b7a849b8084e7ca0,,2018-08,2019-08,100,acad8a50651346479cfc4125d510d604,acad8a50651346479cfc4125d510d604,2018-08-30 16:29:29,N,数学,d737979d9ca9430d9c6269c5913a588f,24582849583644712,2018-08-30 16:29:29,2014-03
729238585772867584,e51b029b3a2d4412a4844cade2c6d92a,59ca662265ee46cb973673e898c706eb,24582087763820625,,,24582849583644697,bafa42c801fc42e0b7a849b8084e7ca0,,2018-08,2019-08,100,acad8a50651346479cfc4125d510d604,acad8a50651346479cfc4125d510d604,2018-08-30 16:29:29,N,数学,d737979d9ca9430d9c6269c5913a588f,24582849583644712,2018-08-30 16:29:29,2014-03
729239246660960256,7aaa4474376a4342830ab76425ccc5b2,9e79e2f0463c41df91843d1b26c0af7f,24582087763820625,,,24582849583644697,d9c0b78fccec485baeb786ee70770076,,2018-08,2019-08,100,acad8a50651346479cfc4125d510d604,acad8a50651346479cfc4125d510d604,2018-08-30 16:32:06,N,数学,d737979d9ca9430d9c6269c5913a588f,24582849583644712,2018-08-30 16:32:06,2014-03
729239324616294400,86f2a9169638475aa1dbf4741eaabf8f,783b57090b614e50a76934f3553ca463,24582087763820625,,,24582849583644696,a959fce5e7164b94a5a9036b5da5c68d,,2018-09,2019-08,300,05cc505978c3452e8b2bd5d0bef01075,05cc505978c3452e8b2bd5d0bef01075,2018-08-30 16:32:25,N,语文,d737979d9ca9430d9c6269c5913a588f,24582849583644712,2018-08-30 16:32:25,2005-06
729239324649848832,3757f23751464ee4acab82cd297185d4,12420e308e6f4ad6887569cd38a14c72,24582087763820625,,,24582849583644696,29d41c93e00449cdaca9450e7def15a1,,2018-09,2019-08,300,05cc505978c3452e8b2bd5d0bef01075,05cc505978c3452e8b2bd5d0bef01075,2018-08-30 16:32:25,N,语文,d737979d9ca9430d9c6269c5913a588f,24582849583644712,2018-08-30 16:32:25,2005-06
729239324687597568,c41f6ea42773480abb8a0ada4cb5ca75,1e4c9204be1b40f4a0ddc09e835a7751,24582087763820625,,,24582849583644696,29d41c93e00449cdaca9450e7def15a1,,2018-09,2019-08,300,05cc505978c3452e8b2bd5d0bef01075,05cc505978c3452e8b2bd5d0bef01075,2018-08-30 16:32:25,N,语文,d737979d9ca9430d9c6269c5913a588f,24582849583644712,2018-08-30 16:32:25,2005-06
729239324721152000,486806a07f7c4d0f86ff4a391e579881,38361e278d4047a3ab4770816a97a5a7,24582087763820625,,,24582849583644696,a5ddf5828de24050841ec7e7bf4ac70c,,2018-09,2019-08,300,05cc505978c3452e8b2bd5d0bef01075,05cc505978c3452e8b2bd5d0bef01075,2018-08-30 16:32:25,N,语文,d737979d9ca9430d9c6269c5913a588f,24582849583644712,2018-08-30 16:32:25,2005-06
729239324754706432,05741af626c149339571076dc8722741,325582702c174194ade576bf87faa7d2,24582087763820625,,,24582849583644696,e9c005610cbf47df95838abd3be15c08,,2018-09,2019-08,300,05cc505978c3452e8b2bd5d0bef01075,05cc505978c3452e8b2bd5d0bef01075,2018-08-30 16:32:25,N,语文,d737979d9ca9430d9c6269c5913a588f,24582849583644712,2018-08-30 16:32:25,2005-06
729239324788260864,13fd7984a6e84458a81c130a5f58e7f8,184988090d8b49b5ab4eda7be1b0148b,24582087763820625,,,24582849583644696,e9c005610cbf47df95838abd3be15c08,,2018-09,2019-08,300,05cc505978c3452e8b2bd5d0bef01075,05cc505978c3452e8b2bd5d0bef01075,2018-08-30 16:32:25,N,语文,d737979d9ca9430d9c6269c5913a588f,24582849583644712,2018-08-30 16:32:25,2005-06
729239324826009600,d46e8733312d4c9494481553f846e7b7,1e4c9204be1b40f4a0ddc09e835a7751,24582087763820625,,,24582849583644697,f2d09a62af3c41169265b529ccd08d5a,,2018-09,2019-08,300,05cc505978c3452e8b2bd5d0bef01075,05cc505978c3452e8b2bd5d0bef01075,2018-08-30 16:32:25,N,数学,d737979d9ca9430d9c6269c5913a588f,24582849583644712,2018-08-30 16:32:25,2014-03
729239324859564032,6faef388b59a478384e812de2cac00aa,38361e278d4047a3ab4770816a97a5a7,24582087763820625,,,24582849583644697,991c853b816d42f1a2fba20803a74976,,2018-09,2019-08,300,05cc505978c3452e8b2bd5d0bef01075,05cc505978c3452e8b2bd5d0bef01075,2018-08-30 16:32:25,N,数学,d737979d9ca9430d9c6269c5913a588f,24582849583644712,2018-08-30 16:32:25,2014-03
729239324893118464,b0197f87e82644f0a9eeb604dcf9a3fa,184988090d8b49b5ab4eda7be1b0148b,24582087763820625,,,24582849583644697,991c853b816d42f1a2fba20803a74976,,2018-09,2019-08,300,05cc505978c3452e8b2bd5d0bef01075,05cc505978c3452e8b2bd5d0bef01075,2018-08-30 16:32:25,N,数学,d737979d9ca9430d9c6269c5913a588f,24582849583644712,2018-08-30 16:32:25,2014-03
729239324930867200,8c0218384c5949f6908e37002948da3e,325582702c174194ade576bf87faa7d2,24582087763820625,,,24582849583644697,c259d5e4647a40768954be3a19dd9415,,2018-09,2019-08,300,05cc505978c3452e8b2bd5d0bef01075,05cc505978c3452e8b2bd5d0bef01075,2018-08-30 16:32:25,N,数学,d737979d9ca9430d9c6269c5913a588f,24582849583644712,2018-08-30 16:32:25,2014-03
729239324968615936,b9f783d8332248a8b668406a05e7f1e9,12420e308e6f4ad6887569cd38a14c72,24582087763820625,,,24582849583644697,c259d5e4647a40768954be3a19dd9415,,2018-09,2019-08,300,05cc505978c3452e8b2bd5d0bef01075,05cc505978c3452e8b2bd5d0bef01075,2018-08-30 16:32:25,N,数学,d737979d9ca9430d9c6269c5913a588f,24582849583644712,2018-08-30 16:32:25,2014-03
729492553275015168,d1df7f1c72b74139948118a685217bf4,19ac058d2e8344058df1170455aac397,24582087763820625,,,24582849583644698,6a05a87343364a37a1770ef22956f674,,2018-09,2019-07,720,4e57885feea14021928eacfbc70d9153,4e57885feea14021928eacfbc70d9153,2018-08-31 09:18:39,N,英语,d737979d9ca9430d9c6269c5913a588f,24582849583644721,2018-08-31 09:18:39,2014-04
729492553388261376,efe242d0bd014ae88825b86c037f2e5e,6347c1f88c6046dd900426467f78fb66,24582087763820625,,,24582849583644698,6a05a87343364a37a1770ef22956f674,,2018-09,2019-07,720,4e57885feea14021928eacfbc70d9153,4e57885feea14021928eacfbc70d9153,2018-08-31 09:18:39,N,英语,d737979d9ca9430d9c6269c5913a588f,24582849583644721,2018-08-31 09:18:39,2014-04
729492553509896192,ee790974feca42c7baafc2602b92a80d,b822d2d154914cae91a768f45494b7f6,24582087763820625,,,24582849583644698,6a05a87343364a37a1770ef22956f674,,2018-09,2019-07,720,4e57885feea14021928eacfbc70d9153,4e57885feea14021928eacfbc70d9153,2018-08-31 09:18:39,N,英语,d737979d9ca9430d9c6269c5913a588f,24582849583644721,2018-08-31 09:18:39,2014-04
729492553707028480,eb4e68a8ca2243748b5917894369988d,5683e6ffe3984f08a66eb3d350aec0a5,24582087763820625,,,24582849583644698,ec5db90ca58945c59542879c4e5f08be,,2018-09,2019-07,720,acad8a50651346479cfc4125d510d604,acad8a50651346479cfc4125d510d604,2018-08-31 09:18:39,N,英语,d737979d9ca9430d9c6269c5913a588f,24582849583644721,2018-08-31 09:18:39,2014-07
729492553774137344,29a86dd17a974c5a9c831310ce80f1e5,c7cc490a982f48a894d7cb4e65913bb0,24582087763820625,,,24582849583644698,ec5db90ca58945c59542879c4e5f08be,,2018-09,2019-07,720,acad8a50651346479cfc4125d510d604,acad8a50651346479cfc4125d510d604,2018-08-31 09:18:39,N,英语,d737979d9ca9430d9c6269c5913a588f,24582849583644721,2018-08-31 09:18:39,2014-07
729492553870606336,27823095f42440418611451296466109,c6f591f02cb043af8dbf9dbf35d2d8f9,24582087763820625,,,24582849583644698,ec5db90ca58945c59542879c4e5f08be,,2018-09,2019-07,720,acad8a50651346479cfc4125d510d604,acad8a50651346479cfc4125d510d604,2018-08-31 09:18:39,N,英语,d737979d9ca9430d9c6269c5913a588f,24582849583644721,2018-08-31 09:18:39,2014-07
729492553904160768,a5e43210753c4d9dadce1375cf234db1,0c0ac145e822488c81deed6be9dd2398,24582087763820625,,,24582849583644698,7b7d1e9300e0441199dfcfa4a426b4f4,,2018-09,2019-07,720,a8c0f5f056c1460f9b16bbb49fb904ca,a8c0f5f056c1460f9b16bbb49fb904ca,2018-08-31 09:18:39,N,英语,d737979d9ca9430d9c6269c5913a588f,24582849583644721,2018-08-31 09:18:39,2015-07
729492554025795584,19a90f3672bc4ce7b6612278ba96df49,6244bc9e24094b60bd3701f9fdddb16d,24582087763820625,,,24582849583644698,7b7d1e9300e0441199dfcfa4a426b4f4,,2018-09,2019-07,720,a8c0f5f056c1460f9b16bbb49fb904ca,a8c0f5f056c1460f9b16bbb49fb904ca,2018-08-31 09:18:40,N,英语,d737979d9ca9430d9c6269c5913a588f,24582849583644721,2018-08-31 09:18:40,2015-07
729492554071932928,d2939fbbd14c4a2fb913f2fac470d0da,89a779b1d72b484c8e0e4bd58c80988b,24582087763820625,,,24582849583644698,7b7d1e9300e0441199dfcfa4a426b4f4,,2018-09,2019-07,720,a8c0f5f056c1460f9b16bbb49fb904ca,a8c0f5f056c1460f9b16bbb49fb904ca,2018-08-31 09:18:40,N,英语,d737979d9ca9430d9c6269c5913a588f,24582849583644721,2018-08-31 09:18:40,2015-07
729492554105487360,713e0ed94ac84e7da5ca9247b6134981,7bd5d6d2832d4d15a2f66ebdf22870ba,24582087763820625,,,24582849583644698,7b7d1e9300e0441199dfcfa4a426b4f4,,2018-09,2019-07,720,a8c0f5f056c1460f9b16bbb49fb904ca,a8c0f5f056c1460f9b16bbb49fb904ca,2018-08-31 09:18:40,N,英语,d737979d9ca9430d9c6269c5913a588f,24582849583644721,2018-08-31 09:18:40,2015-07
729492554139041792,6b72e09bd3aa4b9e830aa27f11e6a87c,b857a53631914ac7b0f1626b7cef2708,24582087763820625,,,24582849583644698,c536fc1bec7c4ccb8415d63c4a563a02,,2018-09,2019-07,720,1de665428d6c496396ef8554ff9a0f1f,1de665428d6c496396ef8554ff9a0f1f,2018-08-31 09:18:40,N,英语,d737979d9ca9430d9c6269c5913a588f,24582849583644721,2018-08-31 09:18:40,2014-07
729492554193567744,044d7b9e8dec49ec90574813c724bff3,355dac6a2ea54ace90dafbb43e9d80f5,24582087763820625,,,24582849583644698,c536fc1bec7c4ccb8415d63c4a563a02,,2018-09,2019-07,720,1de665428d6c496396ef8554ff9a0f1f,1de665428d6c496396ef8554ff9a0f1f,2018-08-31 09:18:40,N,英语,d737979d9ca9430d9c6269c5913a588f,24582849583644721,2018-08-31 09:18:40,2014-07
729492554256482304,9caf6ed56c574849a8cf32244d63b342,22cd2dee02df4de49f0750508797ff91,24582087763820625,,,24582849583644698,c536fc1bec7c4ccb8415d63c4a563a02,,2018-09,2019-07,720,1de665428d6c496396ef8554ff9a0f1f,1de665428d6c496396ef8554ff9a0f1f,2018-08-31 09:18:40,N,英语,d737979d9ca9430d9c6269c5913a588f,24582849583644721,2018-08-31 09:18:40,2014-07
729492554348756992,0b2f406dbf5c42e39bb1e3af2c6982ba,043790ac4f4f4c7a8fa545ecc7dff1ba,24582087763820625,,,24582849583644698,bc6a0043156c4d969772119474b8c1ac,,2018-09,2019-07,720,1de665428d6c496396ef8554ff9a0f1f,1de665428d6c496396ef8554ff9a0f1f,2018-08-31 09:18:40,N,英语,d737979d9ca9430d9c6269c5913a588f,24582849583644721,2018-08-31 09:18:40,2014-07
729492554390700032,b475f4acd73c466e892f711360f85e39,100ccef092f64ef594172860eaa74845,24582087763820625,,,24582849583644698,bc6a0043156c4d969772119474b8c1ac,,2018-09,2019-07,720,1de665428d6c496396ef8554ff9a0f1f,1de665428d6c496396ef8554ff9a0f1f,2018-08-31 09:18:40,N,英语,d737979d9ca9430d9c6269c5913a588f,24582849583644721,2018-08-31 09:18:40,2014-07
729492554441031680,750279c2b9b14653a1e31e08c522e806,e473a0fd0d654473bdc8c4608d8c5dde,24582087763820625,,,24582849583644698,bc6a0043156c4d969772119474b8c1ac,,2018-09,2019-07,720,1de665428d6c496396ef8554ff9a0f1f,1de665428d6c496396ef8554ff9a0f1f,2018-08-31 09:18:40,N,英语,d737979d9ca9430d9c6269c5913a588f,24582849583644721,2018-08-31 09:18:40,2014-07
729492554524917760,e8b4cdd59aa9405991e6c1d11b859c66,1c0d2a502187444298669bcc21fe254d,24582087763820625,,,24582849583644698,bc6a0043156c4d969772119474b8c1ac,,2018-09,2019-07,720,1de665428d6c496396ef8554ff9a0f1f,1de665428d6c496396ef8554ff9a0f1f,2018-08-31 09:18:40,N,英语,d737979d9ca9430d9c6269c5913a588f,24582849583644721,2018-08-31 09:18:40,2014-07
729492554713661440,1eabd232fdfe43fab9bbafa7e1df73c6,325582702c174194ade576bf87faa7d2,24582087763820625,,,24582849583644698,fadc17eae9214ed2a18c8cc347b2e5fb,,2018-09,2019-07,720,05cc505978c3452e8b2bd5d0bef01075,05cc505978c3452e8b2bd5d0bef01075,2018-08-31 09:18:40,N,英语,d737979d9ca9430d9c6269c5913a588f,24582849583644721,2018-08-31 09:18:40,2014-07
729492554797547520,88dc578300de4be2952fade613e1985c,12420e308e6f4ad6887569cd38a14c72,24582087763820625,,,24582849583644698,fadc17eae9214ed2a18c8cc347b2e5fb,,2018-09,2019-07,720,05cc505978c3452e8b2bd5d0bef01075,05cc505978c3452e8b2bd5d0bef01075,2018-08-31 09:18:40,N,英语,d737979d9ca9430d9c6269c5913a588f,24582849583644721,2018-08-31 09:18:40,2014-07
729494512681877504,10acc127a8aa4484a659eb4c878fac08,59ca662265ee46cb973673e898c706eb,24582087763820625,,,24582849583644698,f606aa0b827b473c8bedd81bfeee0d69,,2018-09,2019-07,720,acad8a50651346479cfc4125d510d604,acad8a50651346479cfc4125d510d604,2018-08-31 09:26:27,N,英语,d737979d9ca9430d9c6269c5913a588f,24582849583644721,2018-08-31 09:26:27,2014-07
729494512715431936,cc5ffe282ab343f4b61bd907db8fd17b,c9d368d6381e4265af9822f40a9e17cc,24582087763820625,,,24582849583644698,f606aa0b827b473c8bedd81bfeee0d69,,2018-09,2019-07,720,acad8a50651346479cfc4125d510d604,acad8a50651346479cfc4125d510d604,2018-08-31 09:26:27,N,英语,d737979d9ca9430d9c6269c5913a588f,24582849583644721,2018-08-31 09:26:27,2014-07
729494512774152192,12d35b47946f4f49bf2d2ef0524b82e0,9e79e2f0463c41df91843d1b26c0af7f,24582087763820625,,,24582849583644698,f606aa0b827b473c8bedd81bfeee0d69,,2018-09,2019-07,720,acad8a50651346479cfc4125d510d604,acad8a50651346479cfc4125d510d604,2018-08-31 09:26:27,N,英语,d737979d9ca9430d9c6269c5913a588f,24582849583644721,2018-08-31 09:26:27,2014-07
729494512832872448,013b9466f6bd43bc85c81496bcc928ea,2a6f9cadb7ae48d68f4f8cc6f75c03b2,24582087763820625,,,24582849583644698,30f425076486439bab3f0a9e89ae206a,,2018-09,2019-07,720,a8c0f5f056c1460f9b16bbb49fb904ca,a8c0f5f056c1460f9b16bbb49fb904ca,2018-08-31 09:26:27,N,英语,d737979d9ca9430d9c6269c5913a588f,24582849583644721,2018-08-31 09:26:27,2015-07
729494512883204096,95832065e2d840b6a6acc572e31361b9,b9486301a35f460ba9970e380af7d246,24582087763820625,,,24582849583644698,30f425076486439bab3f0a9e89ae206a,,2018-09,2019-07,720,a8c0f5f056c1460f9b16bbb49fb904ca,a8c0f5f056c1460f9b16bbb49fb904ca,2018-08-31 09:26:27,N,英语,d737979d9ca9430d9c6269c5913a588f,24582849583644721,2018-08-31 09:26:27,2015-07
729494512933535744,5d0bdf9b93064cbaabc41bab7dd7db05,074c1ee8bd36459dbfa002d8fdaf33c5,24582087763820625,,,24582849583644698,30f425076486439bab3f0a9e89ae206a,,2018-09,2019-07,720,a8c0f5f056c1460f9b16bbb49fb904ca,a8c0f5f056c1460f9b16bbb49fb904ca,2018-08-31 09:26:27,N,英语,d737979d9ca9430d9c6269c5913a588f,24582849583644721,2018-08-31 09:26:27,2015-07
729494513428463616,b16a05f9b6fe4990898e5817b8e1bbba,599485621655830528,24582087763820625,,,24582849583644698,dbbdd99502fa4d1094db18f3ff176da8,,2018-09,2019-07,600,4e57885feea14021928eacfbc70d9153,4e57885feea14021928eacfbc70d9153,2018-08-31 09:26:27,N,英语,d737979d9ca9430d9c6269c5913a588f,24582849583644721,2018-08-31 09:26:27,2014-04
729494513575264256,69bc9caf8f184488988720a87af854d7,7b7073001cb449f7be0de291c88beadc,24582087763820625,,,24582849583644698,dbbdd99502fa4d1094db18f3ff176da8,,2018-09,2019-07,600,4e57885feea14021928eacfbc70d9153,4e57885feea14021928eacfbc70d9153,2018-08-31 09:26:27,N,英语,d737979d9ca9430d9c6269c5913a588f,24582849583644721,2018-08-31 09:26:27,2014-04
729494513629790208,3bf0840d2f564b948806e860e03086d0,599485817244614656,24582087763820625,,,24582849583644698,dbbdd99502fa4d1094db18f3ff176da8,,2018-09,2019-07,600,4e57885feea14021928eacfbc70d9153,4e57885feea14021928eacfbc70d9153,2018-08-31 09:26:27,N,英语,d737979d9ca9430d9c6269c5913a588f,24582849583644721,2018-08-31 09:26:27,2014-04
729494513663344640,8df9f296359d41a8b78e886f1ecd65ac,38361e278d4047a3ab4770816a97a5a7,24582087763820625,,,24582849583644698,5fa67d419c8c402cbc726a26961908bd,,2018-09,2019-07,440,05cc505978c3452e8b2bd5d0bef01075,05cc505978c3452e8b2bd5d0bef01075,2018-08-31 09:26:27,N,英语,d737979d9ca9430d9c6269c5913a588f,24582849583644721,2018-08-31 09:26:27,2014-07
729494513696899072,71d2db42d9e64beeac153379d9fa86ab,184988090d8b49b5ab4eda7be1b0148b,24582087763820625,,,24582849583644698,5fa67d419c8c402cbc726a26961908bd,,2018-09,2019-07,440,05cc505978c3452e8b2bd5d0bef01075,05cc505978c3452e8b2bd5d0bef01075,2018-08-31 09:26:27,N,英语,d737979d9ca9430d9c6269c5913a588f,24582849583644721,2018-08-31 09:26:27,2014-07
729494513730453504,fdb31dfdd0194e05939f6c564f216197,1e4c9204be1b40f4a0ddc09e835a7751,24582087763820625,,,24582849583644698,5fa67d419c8c402cbc726a26961908bd,,2018-09,2019-07,440,05cc505978c3452e8b2bd5d0bef01075,05cc505978c3452e8b2bd5d0bef01075,2018-08-31 09:26:27,N,英语,d737979d9ca9430d9c6269c5913a588f,24582849583644721,2018-08-31 09:26:27,2014-07
729494513764007936,d907e9d0ffa847d398edcea43366ff3a,783b57090b614e50a76934f3553ca463,24582087763820625,,,24582849583644698,5fa67d419c8c402cbc726a26961908bd,,2018-09,2019-07,440,05cc505978c3452e8b2bd5d0bef01075,05cc505978c3452e8b2bd5d0bef01075,2018-08-31 09:26:27,N,英语,d737979d9ca9430d9c6269c5913a588f,24582849583644721,2018-08-31 09:26:27,2014-07
731734751932579840,ccdc24d5ed334b7091ae0a4a878d7058,c9d368d6381e4265af9822f40a9e17cc,24582087763820625,,,24582849583644696,9f2ff9ef35d84678b1ad011ae29ccab5,,2018-08,2019-08,100,acad8a50651346479cfc4125d510d604,acad8a50651346479cfc4125d510d604,2018-08-30 16:29:29,N,语文,d737979d9ca9430d9c6269c5913a588f,24582849583644712,2018-09-06 13:48:21,2004-06
737217988842749952,4a5c12bb414946ffa5cfc97c53f6af9d,1bf5829f057245bdaf3648c80f1b217f,24582087763820625,,,24582849583644698,c536fc1bec7c4ccb8415d63c4a563a02,,2018-09,2019-07,720,1de665428d6c496396ef8554ff9a0f1f,1de665428d6c496396ef8554ff9a0f1f,2018-08-31 09:18:40,N,英语,d737979d9ca9430d9c6269c5913a588f,24582849583644721,2018-09-21 16:56:47,2014-07
737217988855332864,69daa511224d42699cc603eca469c897,b229449e488b40ce98bd68991ca7b8ca,24582087763820625,,,24582849583644698,c536fc1bec7c4ccb8415d63c4a563a02,,2018-09,2019-07,720,1de665428d6c496396ef8554ff9a0f1f,1de665428d6c496396ef8554ff9a0f1f,2018-08-31 09:18:40,N,英语,d737979d9ca9430d9c6269c5913a588f,24582849583644721,2018-09-21 16:56:47,2014-07
738713639430651904,abee7b1e0f0e4424a326d9b388551e87,0c0ac145e822488c81deed6be9dd2398,24582087763820625,,,24582849583644697,6dda9249cb824fc880047435db29ea9d,,2018-09,2019-08,100,a8c0f5f056c1460f9b16bbb49fb904ca,a8c0f5f056c1460f9b16bbb49fb904ca,2018-09-25 19:59:58,N,数学,d737979d9ca9430d9c6269c5913a588f,24582849583644712,2018-09-25 19:59:58,2013-06
743260021260812288,d3eb10e21a574bba913c1f3aff88734b,599485817244614656,24582087763820625,,,24582849583644696,86c5541d9edb436fb685d5f9eec9231e,,2018-09,2019-09,200,4e57885feea14021928eacfbc70d9153,4e57885feea14021928eacfbc70d9153,2018-10-08 09:05:39,N,语文,d737979d9ca9430d9c6269c5913a588f,24582849583644712,2018-10-08 09:05:39,2003-06
744021132889292800,7394f74cbc7f4d97a0fe380363421665,b229449e488b40ce98bd68991ca7b8ca,24582087763820625,,,24582849583644697,0c0feaba95204f7e8938c91695fb994f,,2018-09,2019-09,200,1de665428d6c496396ef8554ff9a0f1f,1de665428d6c496396ef8554ff9a0f1f,2018-10-10 11:30:03,N,数学,d737979d9ca9430d9c6269c5913a588f,24582849583644712,2018-10-10 11:30:03,2014-03
749875247611641856,017a14c4f73945a5a26d416c1040ad96,22cd2dee02df4de49f0750508797ff91,24582087763820625,,,24582849583644697,0c0feaba95204f7e8938c91695fb994f,,2018-10,2019-11,300,1de665428d6c496396ef8554ff9a0f1f,1de665428d6c496396ef8554ff9a0f1f,2018-10-26 15:12:12,N,数学,d737979d9ca9430d9c6269c5913a588f,24582849583644712,2018-10-26 15:12:12,2014-03
751669633521549312,82821c39726145a88703932fa6fd48d4,19ac058d2e8344058df1170455aac397,24582087763820625,,,24582849583644696,4f4525b1ef2c44b5b7d091d7af93b59f,,2018-09,2019-09,200,4e57885feea14021928eacfbc70d9153,4e57885feea14021928eacfbc70d9153,2018-10-31 14:02:27,N,语文,d737979d9ca9430d9c6269c5913a588f,24582849583644712,2018-10-31 14:02:27,2003-06
